﻿11,30,15,178,2015,Jose Dariel
7,25,15,183,2016,Jose Dariel
6,33,15,189,2017,Jose Dariel
7,22,11,132,2018,Jose Dariel
4,33,13,180,2019,Jose Dariel
1,19,3,76,2020,Jose Dariel
2,26,6,127,2018,Ronald Jose
4,41,9,175,2019,Ronald Jose
2,14,4,40,2020,Ronald Jose
3,10,1,80,2018,Willy Rafael
1,20,3,135,2019,Willy Rafael
1,16,2,74,2016,Matthew James
5,19,1,79,2017,Matthew James
2,18,4,64,2018,Matthew James
1,20,2,70,2019,Matthew James
1,2,1,43,2017,Ehire Enrique
2,6,1,84,2018,Ehire Enrique
1,5,6,55,2019,Ehire Enrique
1,16,4,74,2017,Jesus Alexander
3,35,6,135,2018,Jesus Alexander
1,9,1,95,2015,Nicholas Mark
3,4,4,62,2016,Nicholas Mark
3,6,1,42,2017,Nicholas Mark
2,16,2,121,2018,Nicholas Mark
2,19,4,141,2019,Nicholas Mark
1,12,4,160,2019,Hanser Joel
6,24,4,189,2019,Ozhaino Jurdy Jiandro
1,5,4,34,2017,Jorge Mario
6,10,14,90,2018,Jorge Mario
1,18,10,113,2019,Jorge Mario
1,3,3,21,2020,Jorge Mario
1,2,7,68,2018,Gregory Lomack
1,4,9,53,2019,Gregory Lomack
1,1,1,48,2016,Abraham
1,5,3,127,2018,Reinaldo Albert
4,12,1,80,2019,Reinaldo Albert
6,53,21,155,2019,Peter Morgan
4,16,6,48,2020,Peter Morgan
3,5,3,100,2015,Yonder
1,7,1,122,2016,Yonder
6,22,2,85,2017,Yonder
1,23,2,129,2018,Yonder
2,7,1,39,2019,Yonder
1,3,1,19,2019,Yonder
2,4,6,39,2016,Aaron Samuel
2,19,7,101,2017,Aaron Samuel
8,15,9,200,2015,Jose Carlos
11,24,7,216,2016,Jose Carlos
3,24,9,204,2017,Jose Carlos
4,13,6,169,2018,Jose Carlos
9,27,2,106,2015,Pedro Manuel
4,27,2,98,2019,Yordan Ruben
4,3,1,66,2015,Alexi Jose
2,11,16,161,2018,Brian Wade
1,20,14,120,2019,Brian Wade
1,11,6,51,2020,Brian Wade
2,20,4,136,2018,Timothy Devon
1,7,2,154,2015,Elvis Augusto
2,8,4,153,2016,Elvis Augusto
1,12,4,165,2019,Elvis Augusto
2,27,4,170,2018,Miguel Enrique
1,2,2,55,2017,Norichika
2,19,2,53,2019,Aristides
9,15,1,140,2017,Orlando Jesus
5,15,1,110,2019,Orlando Jesus
4,2,2,16,2015,Oswaldo Celestino
13,42,4,177,2015,Nolan James
10,41,2,182,2016,Nolan James
9,37,4,187,2017,Nolan James
10,38,3,175,2018,Nolan James
11,41,4,185,2019,Nolan James
1,4,1,109,2019,Luis Sangel
1,3,1,24,2017,Christian Israel
3,12,4,104,2015,Cody James
1,1,2,6,2017,Cody James
1,2,1,37,2018,Carlos A.
2,11,1,60,2017,Alexander Thomas
2,7,1,32,2018,Alexander Thomas
7,9,1,34,2019,Alexander Thomas
2,1,2,20,2017,Michael Anthony
1,3,4,161,2015,Erick Johan
5,2,6,81,2016,Erick Johan
2,7,4,78,2017,Erick Johan
1,3,1,20,2017,Harrison Joseph
3,12,11,100,2018,Harrison Joseph
4,12,10,71,2019,Harrison Joseph
3,14,11,115,2016,Ednel Javier
15,23,1,128,2017,Ednel Javier
8,34,5,176,2018,Ednel Javier
2,3,4,48,2015,Clint Harold
1,8,5,63,2017,Austin Scott
4,4,6,41,2018,Austin Scott
3,5,5,43,2019,Austin Scott
3,2,3,64,2015,Brandon Michael
1,4,1,75,2016,Darwin James Kunane
5,3,2,61,2015,Tucker Jackson
8,7,2,97,2016,Tucker Jackson
11,7,3,100,2017,Tucker Jackson
2,10,2,114,2018,Tucker Jackson
7,11,2,73,2019,Tucker Jackson
2,40,5,136,2015,Jose Antonio
1,22,3,99,2016,Jose Antonio
3,23,8,119,2017,Jose Antonio
2,9,5,50,2018,Jose Antonio
2,9,2,66,2019,Matthew Thomas
1,6,2,44,2015,James Gordon
1,5,4,52,2016,James Gordon
13,39,1,128,2017,Cody James
9,25,3,145,2018,Cody James
21,47,3,170,2019,Cody James
4,8,2,44,2020,Joshua Evan
4,26,1,140,2017,Joshua Evan
13,37,5,146,2019,Joshua Evan
2,18,4,138,2015,Brandon Kyle
4,17,5,149,2016,Brandon Kyle
2,18,2,92,2017,Brandon Kyle
6,14,6,101,2018,Brandon Kyle
3,17,3,123,2019,Brandon Kyle
4,18,3,163,2015,Adrian
6,32,6,175,2016,Adrian
2,17,4,106,2017,Adrian
2,15,6,118,2018,Adrian
2,19,2,132,2015,Carlos Ivan
3,22,2,109,2016,Carlos Ivan
3,14,3,108,2017,Carlos Ivan
7,20,6,155,2017,Andrew Sebastian
1,16,2,168,2018,Andrew Sebastian
1,13,7,144,2019,Andrew Sebastian
1,18,2,174,2015,Markus Lynn
1,31,2,214,2016,Markus Lynn
9,24,2,166,2017,Markus Lynn
8,32,8,180,2018,Markus Lynn
6,29,3,176,2019,Markus Lynn
1,16,2,64,2020,Markus Lynn
1,11,5,54,2018,Gregory Paul
2,17,13,176,2015,Charles Cobb
4,29,13,187,2016,Charles Cobb
9,37,10,213,2017,Charles Cobb
4,6,2,67,2020,Charles Cobb
2,29,8,182,2018,Charles Cobb
1,32,9,182,2019,Charles Cobb
7,5,2,95,2015,Gregor Miguel
4,1,1,54,2016,Gregor Miguel
1,1,4,30,2018,Alessandre
1,7,3,196,2015,Xander Jan
6,10,6,156,2017,Xander Jan
4,23,6,148,2018,Xander Jan
2,33,2,190,2019,Xander Jan
1,4,2,53,2018,Jorge Luis
1,6,4,44,2018,David C.
4,11,7,78,2019,David C.
4,4,6,39,2015,Peter Christopher
2,5,4,89,2016,Peter Christopher
3,23,2,107,2015,Justin James
7,25,1,109,2017,Justin James
6,19,1,85,2018,Justin James
5,26,10,149,2016,Jackie
4,17,9,118,2017,Jackie
3,13,11,111,2018,Jackie
3,21,12,111,2019,Jackie
1,7,2,54,2020,Jackie
8,15,2,164,2015,Michael Charles
3,9,2,101,2017,Michael Charles
3,22,7,179,2019,Michael Charles
4,25,4,144,2015,Ryan Joseph
10,30,4,156,2016,Ryan Joseph
2,17,3,102,2017,Ryan Joseph
5,20,2,103,2018,Ryan Joseph
1,22,8,131,2019,Ryan Joseph
2,19,7,158,2017,Alexander David
2,31,12,170,2018,Alexander David
2,41,9,164,2019,Alexander David
1,6,2,37,2020,Alexander David
1,2,1,5,2017,Lewis Lamont
2,11,4,76,2018,Lewis Lamont
1,20,7,91,2017,Keon Darell
8,26,2,131,2015,Jay Allen
3,25,2,98,2016,Jay Allen
4,8,1,37,2016,Jay Allen
5,39,18,176,2016,Kristopher Lee
5,29,15,162,2017,Kristopher Lee
6,13,17,106,2018,Kristopher Lee
1,31,15,153,2019,Kristopher Lee
3,26,11,108,2015,Brian Michael
2,20,7,104,2016,Brian Michael
3,18,7,84,2017,Brian Michael
1,12,2,69,2019,Brian Michael
1,18,6,120,2019,James Thomas
12,23,12,165,2015,Andrew Stefan
7,24,5,153,2016,Andrew Stefan
5,28,4,159,2017,Andrew Stefan
1,15,7,123,2018,Andrew Stefan
2,5,2,42,2018,Ryan Patrick
1,24,1,120,2019,Ryan Patrick
1,3,5,74,2018,Jeff
2,23,21,162,2019,Jeff
2,4,3,57,2020,Jeff
2,5,1,45,2018,Austin Wade
6,33,7,154,2019,Austin Wade
1,8,4,60,2019,Francisco Jose
7,3,2,96,2015,Jordy Joe
8,11,5,133,2016,Jordy Joe
13,14,3,128,2017,Jordy Joe
9,6,6,99,2018,Jordy Joe
1,9,2,69,2019,Jordy Joe
2,12,6,192,2018,Whitley David
5,16,5,206,2019,Whitley David
3,10,2,45,2018,Devin Douglas
4,9,2,68,2017,Bradley Austin
1,7,3,33,2020,Bradley Austin
1,8,6,164,2016,Yadier Benjamin
4,18,4,137,2017,Yadier Benjamin
1,17,1,136,2018,Yoan Manuel
2,25,4,161,2019,Yoan Manuel
5,15,4,86,2015,Miguel Angel
5,8,3,52,2016,Miguel Angel
1,4,2,28,2017,Miguel Angel
2,6,1,38,2015,Tyler Michael
4,22,8,165,2015,Kendrys
2,30,7,147,2016,Kendrys
2,28,5,139,2017,Kendrys
5,21,3,103,2018,Kendrys
4,11,4,115,2018,Colin Richard
4,13,3,129,2019,Colin Richard
2,23,7,131,2015,Mitchell Austin
5,22,8,107,2016,Mitchell Austin
6,22,6,125,2017,Mitchell Austin
1,8,1,22,2020,Mitchell Austin
2,3,1,52,2015,Justin Ernest George
1,6,1,53,2016,Justin Ernest George
1,3,1,11,2018,Maxwell Anthony
5,17,4,103,2015,Justis Logan
1,14,6,84,2016,Justis Logan
8,38,5,126,2017,Justis Logan
2,15,3,73,2015,Brandon Douglas
2,4,2,33,2015,Brandon Douglas
3,28,7,93,2016,Brandon Douglas
1,22,13,156,2015,Michael Christopher
7,38,3,151,2017,Michael Christopher
3,20,5,94,2018,Michael Christopher
2,8,2,50,2018,Michael Christopher
5,35,6,133,2019,Michael Christopher
1,8,4,32,2020,Michael Christopher
2,12,4,39,2020,Maxwell Steven
6,35,5,104,2018,Maxwell Steven
1,35,8,122,2019,Maxwell Steven
7,8,4,81,2018,Yairo
1,5,1,61,2015,David Matthew
10,14,2,140,2015,Daniel Thomas
10,25,8,184,2016,Daniel Thomas
14,23,4,172,2017,Daniel Thomas
1,13,2,122,2019,Daniel Thomas
1,9,1,42,2018,John Ryan
1,28,4,155,2016,William Bradford
3,30,5,138,2017,William Bradford
2,13,3,68,2015,Michael Anthony
1,5,1,23,2015,Michael Anthony
2,34,5,133,2016,Michael Anthony
3,29,7,82,2017,Michael Anthony
4,14,4,95,2016,Tyler Wesley
1,3,2,46,2018,Tyler Wesley
2,10,2,79,2019,Tyler Wesley
1,2,1,70,2017,Omar David
1,9,2,77,2018,Omar David
1,22,4,119,2019,Omar David
2,20,6,155,2016,Mariekson Julius
1,25,3,153,2017,Mariekson Julius
3,27,7,135,2018,Mariekson Julius
1,16,1,77,2019,Mariekson Julius
3,10,4,61,2020,Mariekson Julius
2,17,4,89,2015,Randal Alexander
3,22,2,98,2017,Randal Alexander
2,6,1,101,2019,Robert Edward
2,8,5,40,2020,Robert Edward
1,9,2,58,2020,Vladimir
1,11,2,70,2018,Lourdes Yunielki
1,15,3,50,2015,Franklin Rafael
1,7,23,51,2016,Brandon Eric
2,16,7,91,2018,Ronald Enmanuel
1,10,3,56,2019,Ronald Enmanuel
1,16,5,104,2015,Jedd Lindon
1,20,1,116,2017,Jedd Lindon
1,9,1,29,2020,Jedd Lindon
2,5,1,25,2016,Mitchell Evan
4,26,10,170,2018,Mitchell Evan
1,15,5,54,2019,Mitchell Evan
2,2,1,27,2017,Ryan Michael
5,24,4,92,2017,Ian Edward
9,15,3,90,2018,Ian Edward
1,12,2,51,2020,Ian Edward
15,42,5,172,2015,Bryce Aron Max
20,24,3,123,2016,Bryce Aron Max
11,29,1,134,2017,Bryce Aron Max
16,34,6,137,2018,Bryce Aron Max
11,35,6,149,2019,Bryce Aron Max
8,13,2,51,2020,Bryce Aron Max
1,4,7,120,2015,Joshua Isaiah
2,16,23,132,2017,Joshua Isaiah
1,8,5,86,2018,Joshua Isaiah
1,2,1,12,2015,Jon Corey
1,5,5,59,2019,Adam Donald
2,5,1,32,2020,Ke'Bryan Kobe
3,14,6,118,2016,Chase Jordan
2,12,6,140,2017,Chase Jordan
1,13,1,82,2016,Ryon Christopher
4,5,2,132,2015,Adeiny
7,3,1,120,2016,Adeiny
1,7,1,68,2017,Adeiny
1,3,1,23,2015,Austin Charles
3,18,3,83,2017,Austin Charles
3,14,1,70,2018,Austin Charles
3,11,5,55,2019,Austin Charles
2,6,11,96,2017,Guillermo
1,1,2,110,2015,Cesar Augusto
4,6,2,161,2016,Cesar Augusto
1,9,4,150,2017,Cesar Augusto
4,15,4,153,2018,Cesar Augusto
4,14,6,171,2019,Cesar Augusto
5,21,1,103,2018,Enrique J.
3,17,6,98,2019,Enrique J.
1,15,4,97,2018,Gorkys Gustavo
1,26,1,96,2019,Teoscar Jose
1,3,2,19,2015,Dilson Jose
7,15,6,167,2016,David Odubel
4,14,4,148,2017,David Odubel
3,22,7,140,2018,David Odubel
1,2,2,21,2019,Rosell Amado
4,13,2,160,2015,Jason Alias
1,11,3,112,2017,Jason Alias
1,8,2,119,2018,Jason Alias
5,21,5,129,2019,Jason Alias
1,6,2,39,2020,Jason Alias
2,11,2,90,2015,Aaron Michael
1,27,3,119,2018,Aaron Michael
1,6,1,38,2020,Aaron Michael
2,2,1,27,2016,Aaron Walter
1,19,8,95,2019,Keston Wee Hing Natsuo
2,13,11,46,2020,Keston Wee Hing Natsuo
2,1,2,31,2018,John Bryan
2,4,1,32,2019,John Bryan
5,4,6,64,2015,Matthew Thomas
1,20,8,94,2016,Matthew Thomas
2,7,7,89,2018,Brock Wyatt
1,3,4,77,2019,Brock Wyatt
1,18,3,44,2017,Rhys Dean
2,34,9,137,2018,Rhys Dean
6,29,11,129,2019,Rhys Dean
6,18,3,178,2015,Eric John
5,25,1,161,2016,Eric John
3,22,3,164,2019,Eric John
10,18,1,155,2018,Eric John
2,23,5,107,2015,Ryan James
2,25,1,65,2016,Ryan James
3,10,1,75,2016,Nicholas John
2,10,1,68,2018,Nicholas John
1,22,6,125,2015,Torii Kedar
1,10,1,51,2015,Christopher Domenic
5,11,7,67,2018,Christopher Domenic
3,6,1,32,2019,Christopher Domenic
2,2,6,125,2015,Jose Antonio
1,4,8,119,2016,Jose Antonio
3,11,3,145,2019,Jose Antonio
5,3,4,152,2016,Ender David
1,10,6,158,2018,Ender David
2,5,4,49,2019,Ender David
1,13,4,72,2019,Daniel Robert
1,5,1,53,2015,John Edward
2,10,5,54,2017,John Edward
5,1,11,44,2015,Jonathan Henry
3,2,12,112,2017,Jonathan Henry
2,5,1,54,2016,Christopher Dalton
1,9,2,49,2016,Kelly Andrew
3,27,8,147,2015,Adam LaMarque
2,29,5,164,2016,Adam LaMarque
1,26,7,170,2017,Adam LaMarque
1,15,5,163,2018,Adam LaMarque
2,16,8,126,2019,Adam LaMarque
2,11,6,70,2019,JaCoby Mylon
3,2,4,26,2017,Ryder McKinley
2,11,3,75,2015,Caleb Martin
1,22,2,119,2017,Thomas Richard
1,5,4,43,2015,Matthew Ryan
4,13,3,56,2016,Matthew Ryan
2,7,1,43,2018,Matthew Ryan
11,52,5,154,2017,Aaron James
3,27,4,115,2018,Aaron James
4,27,3,103,2019,Aaron James
2,12,7,152,2019,Kevin Bradley
1,13,1,70,2016,Kirk Robert
1,5,2,46,2017,Brandon Tate
2,17,22,114,2018,Brandon Tate
2,8,5,44,2019,Brandon Tate
1,10,4,64,2019,Austin Kyle
1,5,2,30,2020,Austin Kyle
1,14,6,129,2015,Derek Russell
5,14,4,77,2016,Derek Russell
3,4,2,49,2016,Eduardo Michelle
1,31,10,132,2019,Renato Rafael
2,16,14,111,2015,Rougned Roberto
5,30,8,124,2017,Rougned Roberto
2,18,11,120,2018,Rougned Roberto
2,30,5,107,2019,Rougned Roberto
1,14,1,64,2019,Ryan Patrick
2,22,2,93,2018,Shohei
1,18,2,110,2019,Shohei
1,24,5,49,2017,Matthew Kent
3,29,8,143,2018,Matthew Kent
7,36,12,129,2019,Matthew Kent
2,14,1,41,2020,Matthew Kent
1,5,7,138,2016,Paulo Roberto
15,38,2,169,2016,David Americo
3,4,1,117,2015,Christopher Scott
4,5,5,121,2016,Christopher Scott
4,4,2,58,2018,Christopher Scott
1,10,3,119,2015,Marcell
2,23,4,148,2016,Marcell
2,23,3,163,2018,Marcell
2,29,1,117,2019,Marcell
3,27,2,100,2018,Daniel Bennett
5,10,4,111,2016,Joseph Matthew
4,10,5,147,2017,Joseph Matthew
3,4,3,91,2018,Joseph Matthew
2,3,3,81,2019,Joseph Matthew
1,5,5,30,2016,Jarrett Paul
2,4,1,41,2017,Jarrett Paul
2,9,3,106,2015,Gerardo Enrique
1,5,2,53,2015,Gerardo Enrique
1,7,1,93,2016,Gerardo Enrique
3,6,5,114,2018,Gerardo Enrique
2,1,2,17,2019,Gerardo Enrique
1,8,3,47,2019,Gerardo Enrique
2,7,1,43,2015,Juan C.
1,6,1,28,2015,Juan C.
1,7,3,49,2016,Juan C.
1,21,5,139,2019,Giovanny
4,5,4,54,2015,Chase Cameron
1,14,11,129,2016,Chase Cameron
2,1,5,35,2018,Chase Cameron
1,25,6,97,2015,Luis Adan
2,13,1,76,2016,Luis Adan
1,22,1,69,2017,Luis Adan
3,9,1,53,2018,Luis Adan
3,11,1,52,2015,Daniel Paul
1,17,3,135,2016,Daniel Paul
2,6,4,53,2015,Scott T.
1,1,5,23,2016,Scott T.
1,11,2,61,2017,Kennys
1,1,2,39,2016,Christian Rafael
1,3,4,52,2018,Christian Rafael
1,12,2,101,2019,Alexander Brady
1,6,2,62,2020,Alexander Brady
4,19,2,168,2016,Jonathan Rafael
2,30,2,96,2019,Daniel
6,18,2,116,2015,Stephen Guy
3,14,4,123,2016,Stephen Guy
1,10,1,67,2019,Stephen Guy
2,21,9,113,2019,Louis Linwood
15,29,5,171,2015,Joseph Daniel
15,29,5,181,2016,Joseph Daniel
20,36,8,179,2017,Joseph Daniel
6,12,9,143,2018,Joseph Daniel
2,15,4,137,2019,Joseph Daniel
6,29,6,137,2019,Christian Dickson
5,16,8,146,2015,Neil Martin
3,23,1,116,2016,Neil Martin
1,10,4,70,2017,Neil Martin
1,4,1,32,2017,Neil Martin
3,11,5,76,2018,Neil Martin
1,8,1,88,2019,Neil Martin
1,5,1,29,2015,Brett Alexander
3,6,9,41,2016,Brett Alexander
1,1,2,16,2019,Jared James
4,7,9,146,2018,Joseph Patrick
1,4,5,48,2020,Joseph Patrick
1,10,1,57,2017,Jayson Richard Gowan
1,8,2,54,2016,Brian Tyler
1,17,5,103,2016,Matthew Richard
4,10,1,95,2017,Matthew Richard
3,8,3,56,2018,Matthew Richard
2,17,9,104,2018,Billy Nicholas
4,7,2,84,2018,Jesse
2,16,8,91,2019,Jesse
2,3,6,31,2018,Anthony John
5,1,8,94,2019,Anthony John
2,11,15,146,2015,Kolten Kaha
2,5,9,75,2016,Kolten Kaha
11,4,12,101,2017,Kolten Kaha
3,9,14,88,2018,Kolten Kaha
5,11,13,136,2019,Kolten Kaha
1,1,4,48,2020,Kolten Kaha
1,21,4,101,2019,Michael Andrew
2,10,3,57,2020,Michael Andrew
2,7,2,143,2015,Christian Stephen
4,21,4,172,2016,Christian Stephen
4,18,6,170,2017,Christian Stephen
2,36,7,187,2018,Christian Stephen
16,44,8,161,2019,Christian Stephen
2,12,1,41,2020,Christian Stephen
2,14,3,80,2015,Christopher Brandon
1,8,4,72,2017,Bradley Clarke
1,15,5,93,2016,Ryan Wallace
1,36,3,159,2017,Ryan Wallace
1,13,3,76,2018,Ryan Wallace
1,7,1,66,2015,Benjamin Thomas
6,18,4,142,2016,Benjamin Thomas
2,12,2,101,2017,Benjamin Thomas
1,9,2,139,2018,Benjamin Thomas
1,5,6,153,2015,William John
4,15,7,135,2015,Billy Ray
2,16,4,117,2017,Byron Keiron
1,10,2,71,2019,Byron Keiron
1,19,3,85,2015,Marlon Jerrard
1,4,1,40,2015,Marlon Jerrard
4,15,3,134,2015,Asdrubal Jose
3,23,7,146,2016,Asdrubal Jose
1,14,5,134,2017,Asdrubal Jose
1,18,1,104,2018,Asdrubal Jose
1,12,3,76,2019,Asdrubal Jose
2,12,2,172,2015,Melky
1,13,1,117,2017,Melky
3,7,1,106,2019,Melky
15,18,3,145,2015,Jose Miguel
15,38,4,188,2016,Jose Miguel
6,16,3,117,2017,Jose Miguel
4,12,3,139,2019,Jose Miguel
1,10,1,51,2020,Jose Miguel
1,3,1,42,2016,Ramon Salvador
4,16,12,169,2015,Lorenzo Lamar
3,9,2,114,2016,Lorenzo Lamar
1,15,5,175,2017,Lorenzo Lamar
1,10,8,166,2018,Lorenzo Lamar
1,26,5,161,2015,Kole Alan
4,19,8,139,2017,Kole Alan
2,19,1,102,2018,Kole Alan
7,33,7,128,2019,Kole Alan
4,19,6,126,2018,Johan Valentin
1,3,4,34,2015,Eric Singleton
1,1,2,13,2016,Eric Singleton
1,19,9,121,2018,Jeimer
1,8,7,68,2019,Jeimer
3,17,10,91,2018,Mark David
1,26,18,112,2019,Mark David
1,5,10,47,2020,Mark David
5,21,3,179,2015,Robinson Jose
8,39,8,195,2016,Robinson Jose
8,23,4,166,2017,Robinson Jose
2,10,4,94,2018,Robinson Jose
3,13,5,100,2019,Robinson Jose
1,10,1,54,2020,Robinson Jose
1,1,3,15,2017,Victor Manuel
1,1,4,28,2020,Victor Manuel
5,28,6,156,2015,Matthew Martin
6,21,5,128,2016,Matthew Martin
4,23,9,120,2017,Matthew Martin
17,36,6,145,2018,Matthew Martin
1,4,6,26,2020,Matthew Martin
1,24,6,78,2015,Vernon Christopher
1,41,9,122,2016,Vernon Christopher
1,8,2,42,2016,Curtis Michael
1,4,2,41,2018,Curtis Michael
1,8,1,52,2019,Curtis Michael
1,15,1,140,2015,Nicholas A.
1,18,3,117,2016,Nicholas A.
5,23,6,185,2018,Nicholas A.
1,11,3,110,2019,Nicholas A.
1,14,4,49,2020,Nicholas A.
1,2,1,7,2015,Welington Andres
3,14,4,110,2016,Welington Andres
1,11,2,71,2015,Jason Michael
1,10,4,86,2017,Jason Michael
6,11,5,145,2015,Starlin DeJesus
1,21,3,156,2016,Starlin DeJesus
1,16,4,133,2017,Starlin DeJesus
2,22,3,172,2019,Starlin DeJesus
2,13,3,75,2018,Andrew Jacob
1,1,1,16,2017,Gavin Glenn Christopher Joseph
1,7,8,133,2015,Francisco
1,1,6,86,2016,Francisco
1,12,15,86,2018,Francisco
2,18,1,118,2015,Yoenis
3,17,4,66,2015,Yoenis
8,31,7,134,2016,Yoenis
5,17,2,85,2017,Yoenis
2,9,1,37,2018,Yoenis
2,18,4,88,2019,Michael Scott
1,17,13,87,2019,Robinson David
3,7,1,82,2015,Lonnie David
2,8,3,110,2016,Lonnie David
2,12,3,68,2017,Lonnie David
1,1,2,27,2018,Lonnie David
2,19,6,107,2019,Ji-Man
1,22,15,153,2015,Shin-Soo
1,7,7,43,2016,Shin-Soo
1,22,7,142,2017,Shin-Soo
2,21,10,148,2018,Shin-Soo
3,24,18,149,2019,Shin-Soo
1,5,2,26,2020,Shin-Soo
6,16,3,110,2015,Christopher B.
1,5,1,23,2016,Christopher B.
2,1,2,26,2016,Christopher B.
1,3,1,16,2019,Zachary Allen
2,12,5,67,2016,Michael Thomas
5,27,8,104,2017,Michael Thomas
8,28,7,132,2018,Michael Thomas
5,33,10,141,2019,Michael Thomas
2,21,3,104,2017,Willson Eduardo
2,10,13,118,2018,Willson Eduardo
2,24,9,98,2019,Willson Eduardo
1,7,14,46,2020,Willson Eduardo
1,4,4,42,2017,Allen Octavio
2,22,1,108,2015,Carlos Javier
5,20,5,158,2016,Carlos Javier
5,24,2,133,2017,Carlos Javier
3,15,2,96,2018,Carlos Javier
2,5,3,53,2020,Carlos Javier
1,3,3,23,2017,Kaleb Bryant
1,9,2,50,2015,Zachary Warren
3,16,2,117,2016,Zachary Warren
9,21,11,130,2015,Brandon Michael
10,12,4,152,2016,Brandon Michael
3,14,1,131,2017,Brandon Michael
13,14,8,135,2018,Brandon Michael
5,11,3,114,2019,Brandon Michael
2,8,4,44,2020,Brandon Michael
1,16,5,99,2015,Christopher John
1,16,7,113,2016,Christopher John
2,30,17,127,2018,Christopher John
3,25,10,116,2019,Christopher John
9,44,5,178,2015,Nelson Ramon
5,43,9,169,2016,Nelson Ramon
7,39,12,160,2017,Nelson Ramon
5,37,14,133,2018,Nelson Ramon
8,41,7,141,2019,Nelson Ramon
5,16,4,56,2020,Nelson Ramon
1,2,1,34,2018,Noel A.
5,12,4,80,2018,Charles Edward
1,9,2,76,2019,Cheslor Jesly
4,16,1,68,2018,David Martin
1,1,3,57,2016,Chase Jonathan
1,4,3,62,2016,Travis E.
3,16,2,85,2017,Travis E.
6,47,8,150,2015,Christopher Lyn
3,38,8,125,2016,Christopher Lyn
4,26,3,98,2017,Christopher Lyn
2,16,7,79,2018,Christopher Lyn
1,12,3,55,2019,Christopher Lyn
2,22,3,126,2019,Jonathan Gregory
1,6,7,47,2020,Jonathan Gregory
1,27,1,97,2015,Khristopher Adrian
1,43,6,140,2017,Khristopher Adrian
5,48,12,142,2018,Khristopher Adrian
3,23,3,106,2019,Khristopher Adrian
2,3,2,22,2015,Alejandro Alberto
1,4,2,47,2015,Alejandro Alberto
1,6,5,48,2016,Alejandro Alberto
1,5,4,60,2015,David Christopher
1,1,2,56,2016,Ivan
1,25,4,119,2017,Paul Sterling
2,19,12,105,2018,Paul Sterling
1,30,13,136,2019,Paul Sterling
1,8,6,61,2018,Nicholas John
1,3,1,57,2015,Christopher Anthony
3,8,1,66,2016,Daniel William
2,13,2,83,2018,Daniel William
1,2,3,111,2015,Delino Diaab
2,22,5,178,2016,Ian M.
1,7,4,93,2017,Ian M.
1,20,2,113,2019,Ian M.
7,32,4,201,2019,Rafael Calcano
6,17,7,121,2016,Aledmys
2,18,3,111,2018,Aledmys
1,9,5,57,2019,Aledmys
1,10,1,72,2018,Elias David
1,14,1,82,2019,Yandy
1,2,1,35,2020,Yandy
2,10,4,65,2016,Alexander Ross
1,6,2,45,2019,Alexander Ross
2,10,2,45,2020,Alexander Ross
6,24,2,125,2016,McKenzie Corey
6,27,3,166,2017,McKenzie Corey
4,13,4,151,2018,McKenzie Corey
2,10,13,64,2015,Derek Richard
2,7,24,98,2016,Derek Richard
5,13,18,101,2017,Derek Richard
2,16,21,132,2018,Derek Richard
2,19,25,47,2019,Derek Richard
6,5,1,90,2017,Wilmer Francisco
5,7,2,94,2018,Wilmer Francisco
1,17,3,85,2018,Jonathan Rufino Jezus
1,4,1,25,2018,Jonathan Rufino Jezus
1,23,10,111,2019,Jonathan Rufino Jezus
1,16,4,57,2015,Kyle Joseph
1,30,5,89,2017,Kyle Joseph
20,26,1,102,2018,Kyle Joseph
5,38,5,132,2019,Kyle Joseph
1,11,3,36,2020,Kyle Joseph
1,4,1,33,2015,Corey Drew
5,26,4,193,2016,Corey Drew
5,22,4,159,2017,Corey Drew
1,2,2,27,2018,Corey Drew
3,19,4,133,2019,Corey Drew
6,26,5,166,2015,Kyle Duerr
10,30,8,166,2016,Kyle Duerr
6,27,8,144,2017,Kyle Duerr
3,22,5,129,2018,Kyle Duerr
3,9,7,49,2020,Kyle Duerr
2,6,6,144,2015,Jean Carlos Enrique
1,20,12,203,2016,Jean Carlos Enrique
3,11,6,157,2017,Jean Carlos Enrique
2,10,4,178,2018,Jean Carlos Enrique
1,12,8,161,2019,Jean Carlos Enrique
2,7,1,51,2020,Jean Carlos Enrique
1,15,1,143,2015,Marcus Andrew
1,15,1,161,2018,Marcus Andrew
2,33,2,187,2019,Marcus Andrew
4,2,4,32,2018,Pedro
1,13,2,61,2015,Travis R.
4,16,3,116,2016,Travis R.
6,31,4,147,2017,Travis R.
6,32,4,120,2018,Travis R.
3,7,4,36,2019,Travis R.
6,4,6,142,2015,Andrelton A.
2,11,5,162,2018,Andrelton A.
1,7,2,105,2019,Andrelton A.
2,1,5,50,2018,Austin Thomas
1,5,2,40,2019,Austin Thomas
1,2,1,14,2020,John Dwight
4,12,4,98,2015,Garry Seth
1,16,8,94,2016,Garry Seth
3,13,6,85,2017,Garry Seth
1,15,5,43,2019,William Dills
1,8,2,33,2020,William Dills
1,14,2,65,2016,Justin Kyle
3,38,2,151,2017,Justin Kyle
2,25,3,122,2018,Justin Kyle
3,22,6,86,2019,Justin Kyle
1,3,2,50,2015,Travis James
1,1,2,92,2015,Eric Sidney
2,3,4,68,2017,Eric Sidney
2,3,1,29,2019,Eric Sidney
1,5,4,34,2019,Nicholas Blake
1,15,5,116,2016,Yangervis Alfredo
4,18,5,119,2017,Yangervis Alfredo
1,17,3,106,2018,Yangervis Alfredo
5,10,3,96,2015,Jorge Carlos
1,2,1,14,2017,Jorge Carlos
3,48,10,156,2019,Jorge Carlos
3,34,3,153,2019,Juan Jose
12,13,1,54,2020,Juan Jose
2,30,7,125,2017,Steven Jeffrey
2,11,4,152,2016,Keiunta Denard
1,4,2,82,2015,Cory Joseph
1,13,5,117,2017,Cory Joseph
2,29,11,168,2016,George Chelston
1,34,11,155,2017,George Chelston
1,39,6,140,2019,George Chelston
5,6,2,50,2019,Jacob Daniel
6,27,2,74,2015,Giancarlo Cruz-Michael
5,27,4,99,2016,Giancarlo Cruz-Michael
13,59,7,168,2017,Giancarlo Cruz-Michael
5,38,8,164,2018,Giancarlo Cruz-Michael
1,4,2,19,2020,Giancarlo Cruz-Michael
2,1,3,21,2016,Christopher David
3,10,7,86,2019,Christin Gaylin Harris
1,4,1,30,2019,Demetrius Jerome
2,27,5,101,2016,Trevor John
4,24,2,120,2017,Trevor John
3,37,7,174,2018,Trevor John
1,5,1,22,2015,Robert Andrew
1,26,9,139,2017,Eugenio Alejandro
7,34,9,149,2018,Eugenio Alejandro
4,49,11,156,2019,Eugenio Alejandro
1,15,2,40,2020,Eugenio Alejandro
2,1,1,38,2018,Jesus Marcelo
1,1,3,95,2016,Ichiro
1,3,1,50,2017,Ichiro
4,5,7,104,2015,Kurt Kiyoshi
2,19,13,78,2017,Kurt Kiyoshi
1,17,6,74,2019,Kurt Kiyoshi
15,14,2,114,2018,James Dansby
2,17,5,121,2019,James Dansby
1,2,1,20,2015,Nicholas Thomas
2,5,1,48,2016,Matthew
1,2,2,46,2017,Raimel Antonio
1,22,5,106,2019,Fernando Gabriel
1,17,5,62,2020,Fernando Gabriel
3,12,4,96,2019,Christopher Armand
9,14,1,108,2015,Michael Anthony
3,19,1,108,2017,Michael Anthony
2,6,1,80,2018,Michael Anthony
6,31,6,100,2015,Mark Charles
1,15,2,79,2016,Mark Charles
5,3,5,94,2015,Ruben Dario
3,21,7,84,2019,Ryan John
1,8,1,32,2020,Ryan John
5,31,7,116,2017,Eric Allyn
4,16,2,54,2018,Eric Allyn
4,25,10,98,2019,Eric Allyn
1,3,3,25,2020,Eric Allyn
1,1,3,33,2019,Charles Everett
2,3,1,33,2016,Alvin Andrew
4,31,1,144,2016,Yasmany
3,24,5,117,2018,Gleyber David
3,38,3,152,2019,Gleyber David
1,11,5,83,2018,Devon Anthony
2,6,1,31,2019,Samuel John
14,41,10,172,2015,Michael Nelson
12,29,11,173,2016,Michael Nelson
15,33,7,123,2017,Michael Nelson
25,39,10,147,2018,Michael Nelson
14,45,16,137,2019,Michael Nelson
4,17,3,56,2020,Michael Nelson
1,47,3,157,2016,Mark Daniel
1,8,1,31,2020,Yoshitomo
1,2,1,31,2019,Cole Bryson
1,4,1,18,2019,Kyle Daniel
4,12,1,97,2015,Troy Trever
1,5,5,39,2015,Troy Trever
1,24,5,125,2016,Troy Trever
1,7,1,60,2017,Troy Trever
1,16,13,113,2015,Justin Matthew
1,27,10,153,2016,Justin Matthew
5,21,19,147,2017,Justin Matthew
3,14,12,114,2018,Justin Matthew
1,27,14,139,2019,Justin Matthew
3,19,5,180,2018,Trea Vance
2,19,3,155,2019,Trea Vance
1,16,2,88,2016,Melvin Emanuel
5,26,4,136,2015,Justin Irvin
3,31,4,140,2016,Justin Irvin
2,28,3,128,2017,Justin Irvin
1,30,10,137,2018,Justin Irvin
1,21,14,81,2016,Jung Ho
10,18,2,77,2019,Carson Franklin
3,12,1,60,2016,Matthew Ryan
2,21,1,134,2018,Matthew Ryan
1,6,3,67,2018,Anthony Allen
1,7,4,37,2019,Anthony Allen
1,9,2,137,2015,Howard Joseph
2,8,3,124,2016,Howard Joseph
1,4,2,46,2018,Howard Joseph
1,17,4,115,2019,Howard Joseph
3,17,3,93,2016,Maximilian
2,19,6,124,2017,Maximilian
2,20,5,119,2018,Maximilian
1,12,7,90,2016,Kevin James
2,15,5,105,2017,Kevin James
2,7,6,72,2018,Kevin James
2,14,5,102,2019,Kevin James
1,3,1,30,2020,Kevin James
1,4,6,93,2018,Isiah
1,8,3,102,2018,Scott M.
1,19,5,118,2019,Scott M.
2,22,7,130,2017,Ian Michael
6,9,9,171,2015,Jason Michael
1,18,7,122,2018,Jason Michael
2,17,2,112,2019,Jason Michael
1,9,3,37,2017,Patrick Anthony
1,4,2,37,2018,Andrew Michael
2,2,3,29,2019,Andrew Michael
2,6,4,114,2015,Juan Osvaldo
1,3,2,34,2016,Juan Osvaldo
4,5,2,55,2019,Juan Osvaldo
3,6,1,92,2015,Jacob Ryan
5,29,3,130,2016,Jacob Ryan
13,30,7,133,2017,Jacob Ryan
1,6,5,36,2019,Jacob Ryan
1,2,2,40,2016,Thomas F.
1,5,2,36,2017,Thomas F.
1,1,2,45,2018,Thomas F.
1,16,5,146,2015,Brett Russell
2,12,2,87,2016,Brett Russell
2,14,5,74,2016,Dae-ho
4,6,1,170,2015,David John
2,11,3,192,2016,David John
1,8,6,189,2017,David John
1,7,2,78,2016,Sandy David
1,7,1,61,2017,Sandy David
11,20,1,139,2015,Adam Alan
3,20,1,96,2016,Adam Alan
3,15,5,182,2016,Francisco Miguel
6,33,4,178,2017,Francisco Miguel
7,38,8,183,2018,Francisco Miguel
9,32,3,170,2019,Francisco Miguel
2,8,4,61,2020,Francisco Miguel
1,3,1,27,2015,Jose Manuel
1,3,1,23,2016,Jose Manuel
1,4,1,24,2017,Jose Manuel
5,4,1,101,2015,James Anthony
3,9,5,91,2016,James Anthony
8,21,6,163,2015,Evan Michael
6,36,3,173,2016,Evan Michael
3,20,6,160,2017,Evan Michael
3,16,5,117,2018,Evan Michael
1,20,7,115,2019,Evan Michael
5,9,3,51,2015,Jed Carlson
2,14,2,157,2017,Jed Carlson
1,23,3,159,2018,Jed Carlson
3,13,1,101,2016,Jonathan Charles
2,11,2,42,2016,Jonathan Charles
6,2,4,44,2017,Jonathan Charles
1,4,3,100,2018,Jonathan Charles
1,1,1,10,2019,Jonathan Charles
1,6,3,67,2019,Dawel Leoner
1,1,3,44,2018,Dixon Javier
2,35,4,181,2015,Manuel Arturo
9,37,3,188,2016,Manuel Arturo
3,33,1,163,2017,Manuel Arturo
6,13,2,73,2018,Manuel Arturo
3,32,6,150,2019,Manuel Arturo
1,9,3,45,2018,Michael Anthony
3,4,1,48,2015,Martin Benjamin
9,8,6,42,2016,Martin Benjamin
1,14,18,95,2017,Martin Benjamin
1,24,6,159,2017,Joseph Anthony
1,24,5,141,2018,Joseph Anthony
3,35,9,175,2019,Joseph Anthony
4,8,2,117,2018,Manuel
1,12,2,93,2019,Manuel
1,16,6,56,2017,Jacob Shawn
1,10,4,45,2018,Jacob Shawn
11,3,3,181,2015,Nicholas William
9,13,5,161,2016,Nicholas William
8,8,6,163,2017,Nicholas William
10,14,1,185,2018,Nicholas William
1,9,2,118,2019,Nicholas William
3,5,1,58,2017,Ketel Ricardo
3,14,3,135,2018,Ketel Ricardo
2,32,4,187,2019,Ketel Ricardo
3,19,19,166,2015,Starling Javier
5,9,16,152,2016,Starling Javier
2,20,8,155,2018,Starling Javier
1,23,16,159,2019,Starling Javier
1,2,5,38,2020,Starling Javier
7,38,5,168,2015,Julio Daniel
2,22,3,141,2016,Julio Daniel
11,43,4,188,2018,Julio Daniel
9,36,4,175,2019,Julio Daniel
3,7,2,45,2020,Julio Daniel
1,5,2,63,2015,Leonys
1,3,2,20,2017,Leonys
1,9,3,76,2018,Leonys
1,1,5,45,2018,Nicholas Scott
1,23,8,106,2015,Russell Nathan Coltrane
1,20,10,105,2016,Russell Nathan Coltrane
3,6,8,46,2019,Russell Nathan Coltrane
8,11,7,108,2015,Victor Jesus
8,27,4,160,2016,Victor Jesus
3,10,5,100,2017,Victor Jesus
4,9,2,117,2018,Victor Jesus
1,2,2,40,2017,Jeffrey Stephen
12,10,1,157,2015,Joseph Patrick
10,11,1,129,2016,Joseph Patrick
3,7,3,160,2017,Joseph Patrick
5,6,2,137,2018,Joseph Patrick
1,7,3,52,2015,Justin Adam
1,10,1,135,2015,Cameron Keith
1,6,2,79,2017,Cameron Keith
1,3,2,63,2018,Cameron Keith
1,20,6,137,2016,Nomar Shamir
6,20,4,140,2017,Nomar Shamir
2,20,4,126,2018,Nomar Shamir
2,19,6,115,2019,Nomar Shamir
1,15,7,64,2015,Steven Wayne
2,10,1,63,2016,Steven Wayne
1,13,5,79,2017,Steven Wayne
6,26,9,101,2015,Joc Russell
4,25,4,100,2016,Joc Russell
1,11,10,58,2017,Joc Russell
3,25,4,98,2018,Joc Russell
2,36,12,112,2019,Joc Russell
1,12,2,111,2015,Dustin Luis
4,7,2,119,2017,Dustin Luis
3,2,1,27,2018,Francisco Antonio
1,1,2,26,2016,Ramiro Gauna
1,13,1,114,2016,Hunter Andrew
1,13,2,128,2017,Hunter Andrew
2,17,4,144,2015,Senger David
1,4,3,43,2016,Senger David
1,14,6,154,2017,Senger David
4,30,4,164,2018,Senger David
3,12,5,105,2019,Senger David
6,17,5,159,2015,Jhonny Antonio
1,5,7,126,2017,Jose Francisco
4,14,9,182,2018,Jose Francisco
1,7,2,42,2015,Roberto Andres
1,24,4,93,2019,Roberto Andres
4,21,4,138,2015,Salvador Johan
3,22,8,127,2016,Salvador Johan
3,27,5,126,2017,Salvador Johan
4,6,3,126,2015,Jace Ryan
2,7,1,89,2016,Jace Ryan
3,2,1,40,2017,Jace Ryan
1,2,1,50,2016,Gregorio Jesus
1,9,3,36,2016,Thomas James
1,14,2,87,2018,Thomas James
1,7,4,49,2018,Thomas James
4,21,5,155,2019,Thomas James
1,12,4,173,2015,Brandon Emil
3,11,8,160,2016,Brandon Emil
1,11,8,137,2017,Brandon Emil
2,4,1,24,2017,Brett Maverick
6,37,9,164,2016,Joshua Adam
1,33,3,112,2017,Joshua Adam
2,37,8,142,2019,Joshua Adam
1,6,2,18,2020,Joshua Adam
2,28,7,148,2015,James Brian
6,42,8,165,2016,James Brian
6,34,8,167,2017,James Brian
1,16,3,93,2018,James Brian
2,20,4,99,2019,James Brian
2,26,3,146,2019,Hunter William
1,17,1,77,2015,Stephen Oris
2,16,3,130,2016,Brandon S.
1,13,5,119,2017,Brandon S.
7,27,14,115,2015,Lucas Christopher
2,7,2,35,2016,Lucas Christopher
4,17,2,62,2017,Lucas Christopher
2,13,4,30,2017,Lucas Christopher
2,13,8,75,2018,Lucas Christopher
1,4,1,18,2019,Lucas Christopher
1,4,7,148,2018,Matthew Michael
1,5,2,14,2015,Adam Lynn
1,33,6,133,2016,Adam Lynn
1,31,10,146,2017,Adam Lynn
3,15,4,68,2018,Adam Lynn
2,1,3,83,2016,Jarrod Martel
2,5,10,87,2017,Jarrod Martel
2,14,14,175,2015,Adam Cory
2,14,14,176,2016,Adam Cory
1,4,1,36,2020,Adam Cory
1,7,1,43,2015,Andrew James
2,1,2,27,2016,Andrew James
1,1,1,41,2018,Andrew James
1,7,7,116,2015,Jacoby McCabe
1,9,2,145,2016,Jacoby McCabe
3,7,5,94,2017,Jacoby McCabe
5,39,9,146,2015,Edwin Elpidio
3,42,5,158,2016,Edwin Elpidio
5,38,5,143,2017,Edwin Elpidio
2,32,8,123,2018,Edwin Elpidio
1,13,3,44,2019,Edwin Elpidio
1,7,5,55,2018,Phillip S.
1,3,8,157,2015,Alcides
2,7,3,166,2016,Alcides
1,6,4,150,2017,Alcides
1,4,5,112,2018,Alcides
1,12,2,107,2015,Eduardo Jose
1,6,1,83,2016,Eduardo Jose
3,21,5,116,2017,Eduardo Jose
6,15,3,101,2018,Eduardo Jose
2,8,2,53,2018,Eduardo Jose
3,35,3,171,2019,Eduardo Jose
4,4,2,43,2020,Eduardo Jose
5,13,6,88,2015,Daniel Richard
12,24,20,108,2016,Daniel Richard
1,6,4,37,2017,Daniel Richard
2,14,4,116,2015,Andre Everett
1,9,3,42,2019,James Kyle
14,23,11,187,2015,Prince Semien
1,8,7,69,2016,Prince Semien
1,5,3,31,2017,Derek Joseph
2,9,4,54,2015,Ryan Edward
4,2,1,35,2018,Ryan Edward
3,2,2,51,2016,Ramon
2,16,4,127,2015,Wilmer Alejandro
1,18,3,91,2017,Wilmer Alejandro
1,11,5,103,2018,Wilmer Alejandro
1,12,1,53,2020,Wilmer Alejandro
1,8,11,76,2016,Cole Tyler
1,12,20,89,2017,Cole Tyler
3,11,6,62,2019,Cole Tyler
2,12,3,37,2019,Michael
2,17,14,152,2015,John Logan
1,6,4,81,2017,John Logan
1,17,5,149,2015,William Dexter
6,18,4,111,2017,William Dexter
1,19,8,116,2019,William Dexter
2,14,4,85,2015,Maikel Antonio
7,25,5,148,2016,Maikel Antonio
3,24,2,132,2017,Maikel Antonio
1,6,3,47,2016,Nicholas Edward
2,6,8,112,2017,Adam Timothy
2,10,3,88,2018,Adam Timothy
4,10,9,154,2019,Adam Timothy
1,12,2,60,2019,Clint Jackson
3,35,7,158,2015,Todd Brian
1,40,4,133,2016,Todd Brian
1,16,4,58,2017,Todd Brian
1,11,10,43,2017,Todd Brian
1,18,8,87,2018,Todd Brian
1,21,12,112,2019,Todd Brian
4,18,7,115,2015,Frederick Charles
18,34,10,178,2016,Frederick Charles
11,38,6,176,2019,Frederick Charles
7,13,3,73,2020,Frederick Charles
14,28,7,135,2017,Frederick Charles
12,23,7,191,2018,Frederick Charles
2,13,10,118,2016,David Richard
5,10,15,112,2017,David Richard
1,9,3,68,2018,David Richard
1,2,2,57,2015,Samuel Babson
1,41,8,94,2017,Joseph Nicholas
4,40,3,103,2018,Joseph Nicholas
4,22,2,61,2019,Joseph Nicholas
2,10,4,35,2020,Joseph Nicholas
1,7,3,147,2015,Freddy Jose
6,20,3,141,2016,Freddy Jose
2,12,4,155,2017,Freddy Jose
2,13,2,149,2018,Freddy Jose
1,11,1,140,2017,Benjamin Joseph
1,1,4,70,2018,Benjamin Joseph
2,7,3,77,2019,Benjamin Joseph
4,14,6,145,2016,Adonis
3,13,8,142,2015,Avisail Antonio
5,18,9,171,2017,Avisail Antonio
2,19,4,84,2018,Avisail Antonio
2,20,7,138,2019,Avisail Antonio
2,2,6,43,2020,Avisail Antonio
1,2,1,18,2015,Greg Joseph
4,3,4,59,2016,Greg Joseph
1,3,4,40,2018,Greg Joseph
1,4,5,77,2019,Greg Joseph
1,16,6,148,2015,Brett M.
2,21,8,157,2017,Brett M.
2,7,2,81,2018,Mitchell Lyn
3,27,3,139,2015,James Evan
6,32,4,112,2016,James Evan
2,25,3,92,2018,James Evan
5,6,4,99,2015,Ryan Joseph
1,14,2,131,2016,Ryan Joseph
1,27,4,136,2017,Ryan Joseph
3,23,4,181,2018,Ryan Joseph
1,3,1,41,2015,Conor Michael
3,6,1,50,2016,Conor Michael
1,2,1,36,2019,Ryan Matthew
29,33,2,182,2015,Paul Edward
15,24,7,172,2016,Paul Edward
15,36,8,166,2017,Paul Edward
11,33,6,172,2018,Paul Edward
2,34,2,155,2019,Paul Edward
1,7,3,43,2015,Jonathan Johnson
1,12,7,84,2015,Yan
2,16,8,107,2018,Yan
6,12,5,70,2019,Yan
1,4,2,36,2015,Carlos Argelis
2,5,4,62,2016,Carlos Argelis
10,28,6,157,2015,Adrian Sabin
9,18,4,162,2016,Adrian Sabin
3,6,1,40,2018,Adrian Sabin
6,40,1,150,2015,Carlos Eduardo
6,25,1,174,2016,Carlos Eduardo
3,14,2,123,2017,Carlos Eduardo
4,16,1,128,2018,Carlos Eduardo
3,1,1,36,2019,Erik
1,13,5,123,2016,Marwin Javier
4,23,6,138,2017,Marwin Javier
3,16,3,121,2018,Marwin Javier
2,15,6,112,2019,Marwin Javier
1,16,4,109,2018,Cartier Niko
1,12,1,105,2019,Cartier Niko
2,13,1,63,2017,Brian Christopher
2,17,3,108,2019,Brian Christopher
1,4,1,23,2020,Brian Christopher
7,13,14,96,2015,Alex Jonathan
3,17,8,98,2016,Alex Jonathan
3,9,14,99,2017,Alex Jonathan
4,13,10,124,2018,Alex Jonathan
4,13,19,148,2019,Alex Jonathan
2,4,2,205,2015,Devaris
1,3,1,108,2019,Devaris
1,18,7,158,2017,Yulieski
2,31,5,168,2019,Yulieski
3,26,7,150,2015,Curtis
7,30,9,129,2016,Curtis
2,19,2,77,2017,Curtis
1,11,3,74,2018,Curtis
1,12,3,58,2019,Curtis
1,16,2,83,2015,Yasmani
1,27,2,89,2016,Yasmani
1,24,3,106,2018,Yasmani
2,28,5,126,2019,Yasmani
2,9,7,122,2015,Anthony John
1,2,3,54,2016,Anthony John
1,12,5,163,2015,Kevin Andrew
4,21,9,157,2019,Kevin Andrew
1,2,1,28,2020,Kevin Andrew
3,9,5,77,2018,Manuel Elias
1,7,4,36,2019,Manuel Elias
1,13,6,77,2018,Chadwick Hudson
1,5,3,109,2018,Jose Manuel
2,7,1,71,2015,Stephen Edward
2,9,5,80,2017,Stephen Edward
4,3,4,51,2015,Kevin Jeffrey
2,1,2,26,2016,Kevin Jeffrey
2,3,3,26,2017,Kevin Jeffrey
2,7,9,50,2018,Kevin Jeffrey
1,2,1,17,2017,Trevor Patrick
6,9,1,152,2015,Gregory
4,11,3,95,2017,Gregory
5,23,3,117,2018,Gregory
1,6,1,37,2019,Gregory
1,13,2,125,2017,Jorge Luis
2,22,4,186,2019,Jorge Luis
1,14,6,113,2017,Allen Lorenz
2,21,8,106,2018,Allen Lorenz
1,15,7,82,2019,Allen Lorenz
10,19,3,177,2015,Gerald Dempsey
7,14,3,155,2016,Gerald Dempsey
13,12,8,158,2017,Gerald Dempsey
3,5,3,113,2018,Gerald Dempsey
1,7,4,104,2019,Gerald Dempsey
4,9,5,144,2015,Martin Manuel
4,8,4,183,2016,Martin Manuel
1,3,1,23,2016,Alexander Crawford
1,20,12,133,2018,Jurickson Barthelomeus
2,20,8,100,2019,Jurickson Barthelomeus
1,1,5,15,2019,Cesar David
1,11,2,72,2015,Yasiel
8,28,2,131,2017,Yasiel
2,23,1,108,2018,Yasiel
1,22,5,94,2019,Yasiel
10,40,6,147,2015,Jose Alberto
6,31,2,159,2016,Jose Alberto
5,23,2,143,2017,Jose Alberto
3,19,2,114,2018,Jose Alberto
1,23,3,120,2019,Jose Alberto
1,6,1,34,2020,Jose Alberto
3,8,4,52,2015,Ryan Neil
2,10,1,145,2015,Alexei Fernando
3,5,4,101,2016,Alexei Fernando
3,11,4,69,2015,Aramis
2,19,4,100,2015,Hanley
5,30,7,157,2016,Hanley
8,23,6,120,2017,Hanley
1,11,5,116,2019,Harold Andres
1,11,4,176,2016,Jose Enrique
5,29,3,186,2017,Jose Enrique
15,39,8,156,2018,Jose Enrique
3,23,2,123,2019,Jose Enrique
2,22,2,148,2016,Wilson Abraham
5,14,4,136,2019,Wilson Abraham
2,10,2,114,2015,Jacob Tyler
1,11,5,154,2016,Jacob Tyler
4,17,8,148,2017,Jacob Tyler
2,25,5,148,2019,Jacob Tyler
2,2,1,10,2015,Anthony Vito
1,2,2,25,2016,Anthony Vito
2,6,2,42,2015,Nolan G.
2,20,7,153,2016,Anthony Michael
6,25,7,153,2017,Anthony Michael
5,24,5,163,2018,Anthony Michael
8,34,12,174,2019,Anthony Michael
2,9,5,54,2020,Anthony Michael
1,26,6,103,2017,Dustin Hunter
2,26,3,100,2018,Dustin Hunter
1,33,2,95,2019,Dustin Hunter
1,15,2,123,2017,Jose Bernabe
2,13,4,88,2015,Mark Andrew
1,14,4,111,2016,Mark Andrew
1,13,2,51,2018,Mark Andrew
1,1,2,26,2017,Matthew William
1,2,3,24,2019,Joseph Mark
1,6,2,25,2019,Joshua Travis
3,18,5,62,2019,Michael Austin
1,8,1,45,2020,Michael Austin
3,6,3,41,2016,Rene
3,8,3,40,2017,Rene
9,31,30,163,2015,Anthony Vincent
8,32,16,170,2016,Anthony Vincent
11,32,24,156,2017,Anthony Vincent
15,25,20,160,2018,Anthony Vincent
3,27,27,150,2019,Anthony Vincent
4,11,10,45,2020,Anthony Vincent
4,10,5,84,2015,Clinton Michael
3,17,25,139,2019,Victor Enrique
5,33,6,131,2015,Alexander Enmanuel
2,18,5,81,2016,Sean John
1,2,1,6,2017,Sean John
1,5,1,25,2018,Sean John
2,1,1,48,2016,Miguel Elias
5,1,4,79,2017,Miguel Elias
2,11,9,123,2018,Miguel Elias
2,5,5,137,2019,Miguel Elias
2,4,2,38,2020,Miguel Elias
1,2,3,47,2015,Andrew James
2,13,1,49,2016,Adam Marcos
1,3,2,17,2017,Adam Marcos
4,9,3,142,2018,German Amed
2,15,3,177,2019,German Amed
2,10,2,90,2016,Eddie Manuel
2,6,1,62,2015,Wilin Arismendy
2,8,6,62,2016,Ryan Anthony
2,2,4,60,2015,Carlos Joaquin
1,3,4,43,2016,Carlos Joaquin
1,4,1,29,2017,Rio Noble
5,9,3,63,2015,Cameron Arthur
3,14,1,64,2017,Cameron Arthur
2,13,3,115,2015,Addison Wayne
6,21,12,125,2016,Addison Wayne
5,12,4,84,2017,Addison Wayne
2,5,2,105,2018,Addison Wayne
2,9,3,51,2019,Addison Wayne
1,1,2,21,2015,Joshua Alan
2,12,4,129,2017,Yolmer Carlos
1,2,5,125,2019,Yolmer Carlos
2,20,2,60,2016,Gary
1,33,10,131,2017,Gary
3,34,9,92,2019,Gary
1,10,7,115,2015,Pablo Emilio
2,9,2,57,2018,Pablo Emilio
2,14,1,73,2019,Pablo Emilio
1,18,1,75,2015,Miguel Angel
1,25,1,103,2016,Miguel Angel
5,28,4,112,2017,Miguel Angel
1,13,1,38,2020,Miguel Angel
3,11,2,40,2020,Anthony Roger
8,19,3,127,2015,Carlos
6,23,6,148,2017,Carlos
1,8,1,41,2020,Carlos
6,24,1,128,2018,Carlos
12,34,3,161,2019,Carlos
1,3,1,29,2017,Daniel Ernesto
2,28,6,134,2019,Daniel Ernesto
2,30,6,146,2017,Domingo Alberto
1,5,1,56,2018,Domingo Alberto
1,21,2,114,2019,Domingo Alberto
2,24,5,124,2016,Michael Edward Brett
2,6,1,41,2017,Michael Edward Brett
1,3,1,9,2015,Scott Anthony
2,9,6,68,2016,Scott Anthony
5,30,14,110,2017,Scott Anthony
1,17,9,97,2018,Scott Anthony
3,20,9,60,2016,Ryan Michael
