﻿Jose Abreu,30,15,178,2015,34
Jose Abreu,25,15,183,2016,34
Jose Abreu,33,15,189,2017,34
Jose Abreu,22,11,132,2018,34
Jose Abreu,33,13,180,2019,34
Jose Abreu,19,3,76,2020,34
Ronald Acuna,26,6,127,2018,24
Ronald Acuna,41,9,175,2019,24
Ronald Acuna,14,4,40,2020,24
Willy Adames,10,1,80,2018,26
Willy Adames,20,3,135,2019,26
Matt Adams,16,2,74,2016,33
Matt Adams,19,1,79,2017,33
Matt Adams,18,4,64,2018,33
Matt Adams,20,2,70,2019,33
Ehire Adrianza,2,1,43,2017,32
Ehire Adrianza,6,1,84,2018,32
Ehire Adrianza,5,6,55,2019,32
Jesus Aguilar,16,4,74,2017,31
Jesus Aguilar,35,6,135,2018,31
Nick Ahmed,9,1,95,2015,31
Nick Ahmed,4,4,62,2016,31
Nick Ahmed,6,1,42,2017,31
Nick Ahmed,16,2,121,2018,31
Nick Ahmed,19,4,141,2019,31
Hanser Alberto,12,4,160,2019,29
Ozzie Albies,24,4,189,2019,24
Jorge Alfaro,5,4,34,2017,28
Jorge Alfaro,10,14,90,2018,28
Jorge Alfaro,18,10,113,2019,28
Jorge Alfaro,3,3,21,2020,28
Greg Allen,2,7,68,2018,28
Greg Allen,4,9,53,2019,28
Abraham Almonte,1,1,48,2016,32
Albert Almora,5,3,127,2018,27
Albert Almora,12,1,80,2019,27
Pete Alonso,53,21,155,2019,27
Pete Alonso,16,6,48,2020,27
Yonder Alonso,5,3,100,2015,34
Yonder Alonso,7,1,122,2016,34
Yonder Alonso,22,2,85,2017,34
Yonder Alonso,23,2,129,2018,34
Yonder Alonso,7,1,39,2019,34
Yonder Alonso,3,1,19,2019,34
Aaron Altherr,4,6,39,2016,30
Aaron Altherr,19,7,101,2017,30
Jose Altuve,15,9,200,2015,31
Jose Altuve,24,7,216,2016,31
Jose Altuve,24,9,204,2017,31
Jose Altuve,13,6,169,2018,31
Pedro Alvarez,27,2,106,2015,34
Yordan Alvarez,27,2,98,2019,24
Alexi Amarista,3,1,66,2015,32
Brian Anderson,11,16,161,2018,28
Brian Anderson,20,14,120,2019,28
Brian Anderson,11,6,51,2020,28
Tim Anderson,20,4,136,2018,28
Elvis Andrus,7,2,154,2015,33
Elvis Andrus,8,4,153,2016,33
Elvis Andrus,12,4,165,2019,33
Miguel Andujar,27,4,170,2018,26
Nori Aoki,2,2,55,2017,39
Aristides Aquino,19,2,53,2019,27
Orlando Arcia,15,1,140,2017,27
Orlando Arcia,15,1,110,2019,27
Oswaldo Arcia,2,2,16,2015,30
Nolan Arenado,42,4,177,2015,30
Nolan Arenado,41,2,182,2016,30
Nolan Arenado,37,4,187,2017,30
Nolan Arenado,38,3,175,2018,30
Nolan Arenado,41,4,185,2019,30
Luis Arraez,4,1,109,2019,24
Christian Arroyo,3,1,24,2017,26
Cody Asche,12,4,104,2015,31
Cody Asche,1,2,6,2017,31
Carlos Asuaje,2,1,37,2018,30
Alex Avila,11,1,60,2017,34
Alex Avila,7,1,32,2018,34
Alex Avila,9,1,34,2019,34
Mike Aviles,1,2,20,2017,40
Erick Aybar,3,4,161,2015,37
Erick Aybar,2,6,81,2016,37
Erick Aybar,7,4,78,2017,37
Harrison Bader,3,1,20,2017,27
Harrison Bader,12,11,100,2018,27
Harrison Bader,12,10,71,2019,27
Javier Baez,14,11,115,2016,29
Javier Baez,23,1,128,2017,29
Javier Baez,34,5,176,2018,29
Clint Barmes,3,4,48,2015,42
Austin Barnes,8,5,63,2017,32
Austin Barnes,4,6,41,2018,32
Austin Barnes,5,5,43,2019,32
Brandon Barnes,2,3,64,2015,35
Darwin Barney,4,1,75,2016,36
Tucker Barnhart,3,2,61,2015,30
Tucker Barnhart,7,2,97,2016,30
Tucker Barnhart,7,3,100,2017,30
Tucker Barnhart,10,2,114,2018,30
Tucker Barnhart,11,2,73,2019,30
Jose Bautista,40,5,136,2015,41
Jose Bautista,22,3,99,2016,41
Jose Bautista,23,8,119,2017,41
Jose Bautista,9,5,50,2018,41
Matt Beaty,9,2,66,2019,28
Gordon Beckham,6,2,44,2015,35
Gordon Beckham,5,4,52,2016,35
Cody Bellinger,39,1,128,2017,26
Cody Bellinger,25,3,145,2018,26
Cody Bellinger,47,3,170,2019,26
Josh Bell,8,2,44,2020,29
Josh Bell,26,1,140,2017,29
Josh Bell,37,5,146,2019,29
Brandon Belt,18,4,138,2015,33
Brandon Belt,17,5,149,2016,33
Brandon Belt,18,2,92,2017,33
Brandon Belt,14,6,101,2018,33
Brandon Belt,17,3,123,2019,33
Adrian Beltre,18,3,163,2015,42
Adrian Beltre,32,6,175,2016,42
Adrian Beltre,17,4,106,2017,42
Adrian Beltre,15,6,118,2018,42
Carlos Beltran,19,2,132,2015,44
Carlos Beltran,22,2,109,2016,44
Carlos Beltran,14,3,108,2017,44
Andrew Benintendi,20,6,155,2017,27
Andrew Benintendi,16,2,168,2018,27
Andrew Benintendi,13,7,144,2019,27
Mookie Betts,18,2,174,2015,29
Mookie Betts,31,2,214,2016,29
Mookie Betts,24,2,166,2017,29
Mookie Betts,32,8,180,2018,29
Mookie Betts,29,3,176,2019,29
Mookie Betts,16,2,64,2020,29
Greg Bird,11,5,54,2018,29
Charlie Blackmon,17,13,176,2015,35
Charlie Blackmon,29,13,187,2016,35
Charlie Blackmon,37,10,213,2017,35
Charlie Blackmon,6,2,67,2020,35
Charlie Blackmon,29,8,182,2018,35
Charlie Blackmon,32,9,182,2019,35
Gregor Blanco,5,2,95,2015,38
Gregor Blanco,1,1,54,2016,38
Alex Blandino,1,4,30,2018,29
Xander Bogaerts,7,3,196,2015,29
Xander Bogaerts,10,6,156,2017,29
Xander Bogaerts,23,6,148,2018,29
Xander Bogaerts,33,2,190,2019,29
Jorge Bonifacio,4,2,53,2018,28
David Bote,6,4,44,2018,28
David Bote,11,7,78,2019,28
Peter Bourjos,4,6,39,2015,34
Peter Bourjos,5,4,89,2016,34
Justin Bour,23,2,107,2015,33
Justin Bour,25,1,109,2017,33
Justin Bour,19,1,85,2018,33
Jackie Bradley,26,10,149,2016,31
Jackie Bradley,17,9,118,2017,31
Jackie Bradley,13,11,111,2018,31
Jackie Bradley,21,12,111,2019,31
Jackie Bradley,7,2,54,2020,31
Michael Brantley,15,2,164,2015,34
Michael Brantley,9,2,101,2017,34
Michael Brantley,22,7,179,2019,34
Ryan Braun,25,4,144,2015,38
Ryan Braun,30,4,156,2016,38
Ryan Braun,17,3,102,2017,38
Ryan Braun,20,2,103,2018,38
Ryan Braun,22,8,131,2019,38
Alex Bregman,19,7,158,2017,27
Alex Bregman,31,12,170,2018,27
Alex Bregman,41,9,164,2019,27
Alex Bregman,6,2,37,2020,27
Lewis Brinson,2,1,5,2017,27
Lewis Brinson,11,4,76,2018,27
Keon Broxton,20,7,91,2017,31
Jay Bruce,26,2,131,2015,34
Jay Bruce,25,2,98,2016,34
Jay Bruce,8,1,37,2016,34
Kris Bryant,39,18,176,2016,29
Kris Bryant,29,15,162,2017,29
Kris Bryant,13,17,106,2018,29
Kris Bryant,31,15,153,2019,29
Brian McCann,26,11,108,2015,37
Brian McCann,20,7,104,2016,37
Brian McCann,18,7,84,2017,37
Brian McCann,12,2,69,2019,37
James McCann,18,6,120,2019,31
Andrew McCutchen,23,12,165,2015,35
Andrew McCutchen,24,5,153,2016,35
Andrew McCutchen,28,4,159,2017,35
Andrew McCutchen,15,7,123,2018,35
Ryan McMahon,5,2,42,2018,27
Ryan McMahon,24,1,120,2019,27
Jeff McNeil,3,5,74,2018,29
Jeff McNeil,23,21,162,2019,29
Jeff McNeil,4,3,57,2020,29
Austin Meadows,5,1,45,2018,26
Austin Meadows,33,7,154,2019,26
Francisco Mejia,8,4,60,2019,26
Jordy Mercer,3,2,96,2015,35
Jordy Mercer,11,5,133,2016,35
Jordy Mercer,14,3,128,2017,35
Jordy Mercer,6,6,99,2018,35
Jordy Mercer,9,2,69,2019,35
Whit Merrifield,12,6,192,2018,32
Whit Merrifield,16,5,206,2019,32
Devin Mesoraco,10,2,45,2018,33
Brad Miller,9,2,68,2017,32
Brad Miller,7,3,33,2020,32
Yadier Molina,8,6,164,2016,39
Yadier Molina,18,4,137,2017,39
Yoan Moncada,17,1,136,2018,26
Yoan Moncada,25,4,161,2019,26
Miguel Montero,15,4,86,2015,38
Miguel Montero,8,3,52,2016,38
Miguel Montero,4,2,28,2017,38
Tyler Moore,6,1,38,2015,34
Kendrys Morales,22,8,165,2015,38
Kendrys Morales,30,7,147,2016,38
Kendrys Morales,28,5,139,2017,38
Kendrys Morales,21,3,103,2018,38
Colin Moran,11,4,115,2018,29
Colin Moran,13,3,129,2019,29
Mitch Moreland,23,7,131,2015,36
Mitch Moreland,22,8,107,2016,36
Mitch Moreland,22,6,125,2017,36
Mitch Moreland,8,1,22,2020,36
Justin Morneau,3,1,52,2015,40
Justin Morneau,6,1,53,2016,40
Max Moroff,3,1,11,2018,28
Logan Morrison,17,4,103,2015,34
Logan Morrison,14,6,84,2016,34
Logan Morrison,38,5,126,2017,34
Brandon Moss,15,3,73,2015,38
Brandon Moss,4,2,33,2015,38
Brandon Moss,28,7,93,2016,38
Mike Moustakas,22,13,156,2015,33
Mike Moustakas,38,3,151,2017,33
Mike Moustakas,20,5,94,2018,33
Mike Moustakas,8,2,50,2018,33
Mike Moustakas,35,6,133,2019,33
Mike Moustakas,8,4,32,2020,33
Max Muncy,12,4,39,2020,31
Max Muncy,35,5,104,2018,31
Max Muncy,35,8,122,2019,31
Yairo Munoz,8,4,81,2018,26
David Murphy,5,1,61,2015,40
Daniel Murphy,14,2,140,2015,36
Daniel Murphy,25,8,184,2016,36
Daniel Murphy,23,4,172,2017,36
Daniel Murphy,13,2,122,2019,36
J. R. Murphy,9,1,42,2018,30
Wil Myers,28,4,155,2016,31
Wil Myers,30,5,138,2017,31
Mike Napoli,13,3,68,2015,40
Mike Napoli,5,1,23,2015,40
Mike Napoli,34,5,133,2016,40
Mike Napoli,29,7,82,2017,40
Tyler Naquin,14,4,95,2016,30
Tyler Naquin,3,2,46,2018,30
Tyler Naquin,10,2,79,2019,30
Omar Narvaez,2,1,70,2017,29
Omar Narvaez,9,2,77,2018,29
Omar Narvaez,22,4,119,2019,29
Didi Gregorius,20,6,155,2016,31
Didi Gregorius,25,3,153,2017,31
Didi Gregorius,27,7,135,2018,31
Didi Gregorius,16,1,77,2019,31
Didi Gregorius,10,4,61,2020,31
Randal Grichuk,17,4,89,2015,30
Randal Grichuk,22,2,98,2017,30
Robbie Grossman,6,1,101,2019,32
Robbie Grossman,8,5,40,2020,32
Vladimir Guerrero,9,2,58,2020,22
Lourdes Gurriel,11,2,70,2018,28
Franklin Gutierrez,15,3,50,2015,38
Brandon Guyer,7,23,51,2016,35
Ronald Guzman,16,7,91,2018,27
Ronald Guzman,10,3,56,2019,27
Jedd Gyorko,16,5,104,2015,33
Jedd Gyorko,20,1,116,2017,33
Jedd Gyorko,9,1,29,2020,33
Mitch Haniger,5,1,25,2016,31
Mitch Haniger,26,10,170,2018,31
Mitch Haniger,15,5,54,2019,31
Ryan Hanigan,2,1,27,2017,41
Ian Happ,24,4,92,2017,27
Ian Happ,15,3,90,2018,27
Ian Happ,12,2,51,2020,27
Bryce Harper,42,5,172,2015,29
Bryce Harper,24,3,123,2016,29
Bryce Harper,29,1,134,2017,29
Bryce Harper,34,6,137,2018,29
Bryce Harper,35,6,149,2019,29
Bryce Harper,13,2,51,2020,29
Josh Harrison,4,7,120,2015,34
Josh Harrison,16,23,132,2017,34
Josh Harrison,8,5,86,2018,34
Corey Hart,2,1,12,2015,39
Adam Haseley,5,5,59,2019,25
Ke'Bryan Hayes,5,1,32,2020,24
Chase Headley,14,6,118,2016,37
Chase Headley,12,6,140,2017,37
Ryon Healy,13,1,82,2016,29
Adeiny Hechavarria,5,2,132,2015,32
Adeiny Hechavarria,3,1,120,2016,32
Adeiny Hechavarria,7,1,68,2017,32
Austin Hedges,3,1,23,2015,29
Austin Hedges,18,3,83,2017,29
Austin Hedges,14,1,70,2018,29
Austin Hedges,11,5,55,2019,29
Guillermo Heredia,6,11,96,2017,30
Cesar Hernandez,1,2,110,2015,31
Cesar Hernandez,6,2,161,2016,31
Cesar Hernandez,9,4,150,2017,31
Cesar Hernandez,15,4,153,2018,31
Cesar Hernandez,14,6,171,2019,31
Enrique Hernandez,21,1,103,2018,30
Enrique Hernandez,17,6,98,2019,30
Gorkys Hernandez,15,4,97,2018,34
Teoscar Hernandez,26,1,96,2019,29
Dilson Herrera,3,2,19,2015,27
Odubel Herrera,15,6,167,2016,30
Odubel Herrera,14,4,148,2017,30
Odubel Herrera,22,7,140,2018,30
Rosell Herrera,2,2,21,2019,29
Jason Heyward,13,2,160,2015,32
Jason Heyward,11,3,112,2017,32
Jason Heyward,8,2,119,2018,32
Jason Heyward,21,5,129,2019,32
Jason Heyward,6,2,39,2020,32
Aaron Hicks,11,2,90,2015,32
Aaron Hicks,27,3,119,2018,32
Aaron Hicks,6,1,38,2020,32
Aaron Hill,2,1,27,2016,39
Keston Hiura,19,8,95,2019,25
Keston Hiura,13,11,46,2020,25
Bryan Holaday,1,2,31,2018,34
Bryan Holaday,4,1,32,2019,34
Matt Holliday,4,6,64,2015,41
Matt Holliday,20,8,94,2016,41
Brock Holt,7,7,89,2018,33
Brock Holt,3,4,77,2019,33
Rhys Hoskins,18,3,44,2017,28
Rhys Hoskins,34,9,137,2018,28
Rhys Hoskins,29,11,129,2019,28
Eric Hosmer,18,3,178,2015,32
Eric Hosmer,25,1,161,2016,32
Eric Hosmer,22,3,164,2019,32
Eric Hosmer,18,1,155,2018,32
Ryan Howard,23,5,107,2015,42
Ryan Howard,25,1,65,2016,42
Nick Hundley,10,1,75,2016,38
Nick Hundley,10,1,68,2018,38
Torii Hunter,22,6,125,2015,46
Chris Iannetta,10,1,51,2015,38
Chris Iannetta,11,7,67,2018,38
Chris Iannetta,6,1,32,2019,38
Jose Iglesias,2,6,125,2015,31
Jose Iglesias,4,8,119,2016,31
Jose Iglesias,11,3,145,2019,31
Ender Inciarte,3,4,152,2016,31
Ender Inciarte,10,6,158,2018,31
Ender Inciarte,5,4,49,2019,31
Danny Jansen,13,4,72,2019,26
John Jaso,5,1,53,2015,38
John Jaso,10,5,54,2017,38
Jon Jay,1,11,44,2015,36
Jon Jay,2,12,112,2017,36
Chris Johnson,5,1,54,2016,37
Kelly Johnson,9,2,49,2016,39
Adam Jones,27,8,147,2015,36
Adam Jones,29,5,164,2016,36
Adam Jones,26,7,170,2017,36
Adam Jones,15,5,163,2018,36
Adam Jones,16,8,126,2019,36
JaCoby Jones,11,6,70,2019,29
Ryder Jones,2,4,26,2017,27
Caleb Joseph,11,3,75,2015,35
Tommy Joseph,22,2,119,2017,30
Matt Joyce,5,4,43,2015,37
Matt Joyce,13,3,56,2016,37
Matt Joyce,7,1,43,2018,37
Aaron Judge,52,5,154,2017,29
Aaron Judge,27,4,115,2018,29
Aaron Judge,27,3,103,2019,29
Kevin Newman,12,7,152,2019,28
Kirk Nieuwenhuis,13,1,70,2016,34
Brandon Nimmo,5,2,46,2017,28
Brandon Nimmo,17,22,114,2018,28
Brandon Nimmo,8,5,44,2019,28
Austin Nola,10,4,64,2019,32
Austin Nola,5,2,30,2020,32
Derek Norris,14,6,129,2015,32
Derek Norris,14,4,77,2016,32
Eduardo Nunez,4,2,49,2016,34
Renato Nunez,31,10,132,2019,27
Rougned Odor,16,14,111,2015,27
Rougned Odor,30,8,124,2017,27
Rougned Odor,18,11,120,2018,27
Rougned Odor,30,5,107,2019,27
Ryan O'Hearn,14,1,64,2019,28
Shohei Ohtani,22,2,93,2018,27
Shohei Ohtani,18,2,110,2019,27
Matt Olson,24,5,49,2017,27
Matt Olson,29,8,143,2018,27
Matt Olson,36,12,129,2019,27
Matt Olson,14,1,41,2020,27
Paulo Orlando,5,7,138,2016,36
David Ortiz,38,2,169,2016,46
Chris Owings,4,1,117,2015,30
Chris Owings,5,5,121,2016,30
Chris Owings,4,2,58,2018,30
Marcell Ozuna,10,3,119,2015,31
Marcell Ozuna,23,4,148,2016,31
Marcell Ozuna,23,3,163,2018,31
Marcell Ozuna,29,1,117,2019,31
Daniel Palka,27,2,100,2018,30
Joe Panik,10,4,111,2016,31
Joe Panik,10,5,147,2017,31
Joe Panik,4,3,91,2018,31
Joe Panik,3,3,81,2019,31
Jarrett Parker,5,5,30,2016,32
Jarrett Parker,4,1,41,2017,32
Gerardo Parra,9,3,106,2015,34
Gerardo Parra,5,2,53,2015,34
Gerardo Parra,7,1,93,2016,34
Gerardo Parra,6,5,114,2018,34
Gerardo Parra,1,2,17,2019,34
Gerardo Parra,8,3,47,2019,34
Juan Uribe,7,1,43,2015,42
Juan Uribe,6,1,28,2015,42
Juan Uribe,7,3,49,2016,42
Gio Urshela,21,5,139,2019,30
Chase Utley,5,4,54,2015,43
Chase Utley,14,11,129,2016,43
Chase Utley,1,5,35,2018,43
Luis Valbuena,25,6,97,2015,36
Luis Valbuena,13,1,76,2016,36
Luis Valbuena,22,1,69,2017,36
Luis Valbuena,9,1,53,2018,36
Danny Valencia,11,1,52,2015,37
Danny Valencia,17,3,135,2016,37
Scott Van Slyke,6,4,53,2015,35
Scott Van Slyke,1,5,23,2016,35
Kennys Vargas,11,2,61,2017,31
Christian Vazquez,1,2,39,2016,31
Christian Vazquez,3,4,52,2018,31
Alex Verdugo,12,2,101,2019,25
Alex Verdugo,6,2,62,2020,25
Jonathan Villar,19,2,168,2016,30
Dan Vogelbach,30,2,96,2019,29
Stephen Vogt,18,2,116,2015,37
Stephen Vogt,14,4,123,2016,37
Stephen Vogt,10,1,67,2019,37
Luke Voit,21,9,113,2019,30
Joey Votto,29,5,171,2015,38
Joey Votto,29,5,181,2016,38
Joey Votto,36,8,179,2017,38
Joey Votto,12,9,143,2018,38
Joey Votto,15,4,137,2019,38
Christian Walker,29,6,137,2019,30
Neil Walker,16,8,146,2015,36
Neil Walker,23,1,116,2016,36
Neil Walker,10,4,70,2017,36
Neil Walker,4,1,32,2017,36
Neil Walker,11,5,76,2018,36
Neil Walker,8,1,88,2019,36
Brett Wallace,5,1,29,2015,35
Brett Wallace,6,9,41,2016,35
Jared Walsh,1,2,16,2019,28
Joey Wendle,7,9,146,2018,31
Joey Wendle,4,5,48,2020,31
Jayson Werth,10,1,57,2017,42
Tyler White,8,2,54,2016,31
Matt Wieters,17,5,103,2016,35
Matt Wieters,10,1,95,2017,35
Matt Wieters,8,3,56,2018,35
Nick Williams,17,9,104,2018,28
Jesse Winker,7,2,84,2018,28
Jesse Winker,16,8,91,2019,28
Tony Wolters,3,6,31,2018,29
Tony Wolters,1,8,94,2019,29
Kolten Wong,11,15,146,2015,31
Kolten Wong,5,9,75,2016,31
Kolten Wong,4,12,101,2017,31
Kolten Wong,9,14,88,2018,31
Kolten Wong,11,13,136,2019,31
Kolten Wong,1,4,48,2020,31
Mike Yastrzemski,21,4,101,2019,31
Mike Yastrzemski,10,3,57,2020,31
Christian Yelich,7,2,143,2015,30
Christian Yelich,21,4,172,2016,30
Christian Yelich,18,6,170,2017,30
Christian Yelich,36,7,187,2018,30
Christian Yelich,44,8,161,2019,30
Christian Yelich,12,1,41,2020,30
Chris Young,14,3,80,2015,38
Bradley Zimmer,8,4,72,2017,29
Ryan Zimmerman,15,5,93,2016,37
Ryan Zimmerman,36,3,159,2017,37
Ryan Zimmerman,13,3,76,2018,37
Ben Zobrist,7,1,66,2015,40
Ben Zobrist,18,4,142,2016,40
Ben Zobrist,12,2,101,2017,40
Ben Zobrist,9,2,139,2018,40
Billy Burns,5,6,153,2015,32
Billy Butler,15,7,135,2015,35
Byron Buxton,16,4,117,2017,28
Byron Buxton,10,2,71,2019,28
Marlon Byrd,19,3,85,2015,44
Marlon Byrd,4,1,40,2015,44
Asdrubal Cabrera,15,3,134,2015,36
Asdrubal Cabrera,23,7,146,2016,36
Asdrubal Cabrera,14,5,134,2017,36
Asdrubal Cabrera,18,1,104,2018,36
Asdrubal Cabrera,12,3,76,2019,36
Melky Cabrera,12,2,172,2015,37
Melky Cabrera,13,1,117,2017,37
Melky Cabrera,7,1,106,2019,37
Miguel Cabrera,18,3,145,2015,38
Miguel Cabrera,38,4,188,2016,38
Miguel Cabrera,16,3,117,2017,38
Miguel Cabrera,12,3,139,2019,38
Miguel Cabrera,10,1,51,2020,38
Ramon Cabrera,3,1,42,2016,32
Lorenzo Cain,16,12,169,2015,35
Lorenzo Cain,9,2,114,2016,35
Lorenzo Cain,15,5,175,2017,35
Lorenzo Cain,10,8,166,2018,35
Kole Calhoun,26,5,161,2015,34
Kole Calhoun,19,8,139,2017,34
Kole Calhoun,19,1,102,2018,34
Kole Calhoun,33,7,128,2019,34
Johan Camargo,19,6,126,2018,28
Eric Campbell,3,4,34,2015,34
Eric Campbell,1,2,13,2016,34
Jeimer Candelario,19,9,121,2018,28
Jeimer Candelario,8,7,68,2019,28
Mark Canha,17,10,91,2018,32
Mark Canha,26,18,112,2019,32
Mark Canha,5,10,47,2020,32
Robinson Cano,21,3,179,2015,39
Robinson Cano,39,8,195,2016,39
Robinson Cano,23,4,166,2017,39
Robinson Cano,10,4,94,2018,39
Robinson Cano,13,5,100,2019,39
Robinson Cano,10,1,54,2020,39
Victor Caratini,1,3,15,2017,28
Victor Caratini,1,4,28,2020,28
Matt Carpenter,28,6,156,2015,36
Matt Carpenter,21,5,128,2016,36
Matt Carpenter,23,9,120,2017,36
Matt Carpenter,36,6,145,2018,36
Matt Carpenter,4,6,26,2020,36
Chris Carter,24,6,78,2015,35
Chris Carter,41,9,122,2016,35
Curt Casali,8,2,42,2016,33
Curt Casali,4,2,41,2018,33
Curt Casali,8,1,52,2019,33
Nick Castellanos,15,1,140,2015,29
Nick Castellanos,18,3,117,2016,29
Nick Castellanos,23,6,185,2018,29
Nick Castellanos,11,3,110,2019,29
Nick Castellanos,14,4,49,2020,29
Welington Castillo,2,1,7,2015,34
Welington Castillo,14,4,110,2016,34
Jason Castro,11,2,71,2015,34
Jason Castro,10,4,86,2017,34
Starlin Castro,11,5,145,2015,31
Starlin Castro,21,3,156,2016,31
Starlin Castro,16,4,133,2017,31
Starlin Castro,22,3,172,2019,31
Jake Cave,13,3,75,2018,29
Gavin Cecchini,1,1,16,2017,28
Francisco Cervelli,7,8,133,2015,35
Francisco Cervelli,1,6,86,2016,35
Francisco Cervelli,12,15,86,2018,35
Yoenis Cespedes,18,1,118,2015,36
Yoenis Cespedes,17,4,66,2015,36
Yoenis Cespedes,31,7,134,2016,36
Yoenis Cespedes,17,2,85,2017,36
Yoenis Cespedes,9,1,37,2018,36
Michael Chavis,18,4,88,2019,26
Robinson Chirinos,17,13,87,2019,37
Lonnie Chisenhall,7,1,82,2015,33
Lonnie Chisenhall,8,3,110,2016,33
Lonnie Chisenhall,12,3,68,2017,33
Lonnie Chisenhall,1,2,27,2018,33
Ji-Man Choi,19,6,107,2019,30
Shin-Soo Choo,22,15,153,2015,39
Shin-Soo Choo,7,7,43,2016,39
Shin-Soo Choo,22,7,142,2017,39
Shin-Soo Choo,21,10,148,2018,39
Shin-Soo Choo,24,18,149,2019,39
Shin-Soo Choo,5,2,26,2020,39
Chris Coghlan,16,3,110,2015,36
Chris Coghlan,5,1,23,2016,36
Chris Coghlan,1,2,26,2016,36
Zack Collins,3,1,16,2019,26
Michael Conforto,12,5,67,2016,28
Michael Conforto,27,8,104,2017,28
Michael Conforto,28,7,132,2018,28
Michael Conforto,33,10,141,2019,28
Willson Contreras,21,3,104,2017,29
Willson Contreras,10,13,118,2018,29
Willson Contreras,24,9,98,2019,29
Willson Contreras,7,14,46,2020,29
Allen Cordoba,4,4,42,2017,26
Carlos Correa,22,1,108,2015,27
Carlos Correa,20,5,158,2016,27
Carlos Correa,24,2,133,2017,27
Carlos Correa,15,2,96,2018,27
Carlos Correa,5,3,53,2020,27
Kaleb Cowart,3,3,23,2017,29
Zack Cozart,9,2,50,2015,36
Zack Cozart,16,2,117,2016,36
Brandon Crawford,21,11,130,2015,34
Brandon Crawford,12,4,152,2016,34
Brandon Crawford,14,1,131,2017,34
Brandon Crawford,14,8,135,2018,34
Brandon Crawford,11,3,114,2019,34
Brandon Crawford,8,4,44,2020,34
C. J. Cron,16,5,99,2015,31
C. J. Cron,16,7,113,2016,31
C. J. Cron,30,17,127,2018,31
C. J. Cron,25,10,116,2019,31
Nelson Cruz,44,5,178,2015,41
Nelson Cruz,43,9,169,2016,41
Nelson Cruz,39,12,160,2017,41
Nelson Cruz,37,14,133,2018,41
Nelson Cruz,41,7,141,2019,41
Nelson Cruz,16,4,56,2020,41
Noel Cuevas,2,1,34,2018,30
Charlie Culberson,12,4,80,2018,32
Cheslor Cuthbert,9,2,76,2019,29
David Dahl,16,1,68,2018,27
Chase d'Arnaud,1,3,57,2016,34
Travis d'Arnaud,4,3,62,2016,32
Travis d'Arnaud,16,2,85,2017,32
Chris Davis,47,8,150,2015,35
Chris Davis,38,8,125,2016,35
Chris Davis,26,3,98,2017,35
Chris Davis,16,7,79,2018,35
Chris Davis,12,3,55,2019,35
J. D. Davis,22,3,126,2019,28
J. D. Davis,6,7,47,2020,28
Khris Davis,27,1,97,2015,34
Khris Davis,43,6,140,2017,34
Khris Davis,48,12,142,2018,34
Khris Davis,23,3,106,2019,34
Alejandro De Aza,3,2,22,2015,37
Alejandro De Aza,4,2,47,2015,37
Alejandro De Aza,6,5,48,2016,37
David DeJesus,5,4,60,2015,42
Ivan De Jesus,1,2,56,2016,34
Paul DeJong,25,4,119,2017,28
Paul DeJong,19,12,105,2018,28
Paul DeJong,30,13,136,2019,28
Nick Delmonico,8,6,61,2018,29
Chris Denorfia,3,1,57,2015,41
Daniel Descalso,8,1,66,2016,35
Daniel Descalso,13,2,83,2018,35
Delino DeShields,2,3,111,2015,29
Ian Desmond,22,5,178,2016,36
Ian Desmond,7,4,93,2017,36
Ian Desmond,20,2,113,2019,36
Rafael Devers,32,4,201,2019,25
Aledmys Diaz,17,7,121,2016,31
Aledmys Diaz,18,3,111,2018,31
Aledmys Diaz,9,5,57,2019,31
Elias Diaz,10,1,72,2018,31
Yandy Diaz,14,1,82,2019,30
Yandy Diaz,2,1,35,2020,30
Alex Dickerson,10,4,65,2016,31
Alex Dickerson,6,2,45,2019,31
Alex Dickerson,10,2,45,2020,31
Corey Dickerson,24,2,125,2016,32
Corey Dickerson,27,3,166,2017,32
Corey Dickerson,13,4,151,2018,32
Derek Dietrich,10,13,64,2015,32
Derek Dietrich,7,24,98,2016,32
Derek Dietrich,13,18,101,2017,32
Derek Dietrich,16,21,132,2018,32
Derek Dietrich,19,25,47,2019,32
Wilmer Difo,5,1,90,2017,29
Wilmer Difo,7,2,94,2018,29
Jonathan Schoop,17,3,85,2018,30
Jonathan Schoop,4,1,25,2018,30
Jonathan Schoop,23,10,111,2019,30
Kyle Schwarber,16,4,57,2015,28
Kyle Schwarber,30,5,89,2017,28
Kyle Schwarber,26,1,102,2018,28
Kyle Schwarber,38,5,132,2019,28
Kyle Schwarber,11,3,36,2020,28
Corey Seager,4,1,33,2015,27
Corey Seager,26,4,193,2016,27
Corey Seager,22,4,159,2017,27
Corey Seager,2,2,27,2018,27
Corey Seager,19,4,133,2019,27
Kyle Seager,26,5,166,2015,34
Kyle Seager,30,8,166,2016,34
Kyle Seager,27,8,144,2017,34
Kyle Seager,22,5,129,2018,34
Kyle Seager,9,7,49,2020,34
Jean Segura,6,6,144,2015,31
Jean Segura,20,12,203,2016,31
Jean Segura,11,6,157,2017,31
Jean Segura,10,4,178,2018,31
Jean Segura,12,8,161,2019,31
Jean Segura,7,1,51,2020,31
Marcus Semien,15,1,143,2015,31
Marcus Semien,15,1,161,2018,31
Marcus Semien,33,2,187,2019,31
Pedro Severino,2,4,32,2018,28
Travis Shaw,13,2,61,2015,31
Travis Shaw,16,3,116,2016,31
Travis Shaw,31,4,147,2017,31
Travis Shaw,32,4,120,2018,31
Travis Shaw,7,4,36,2019,31
Andrelton Simmons,4,6,142,2015,32
Andrelton Simmons,11,5,162,2018,32
Andrelton Simmons,7,2,105,2019,32
Austin Slater,1,5,50,2018,29
Austin Slater,5,2,40,2019,29
Dwight Smith,2,1,14,2020,29
Seth Smith,12,4,98,2015,39
Seth Smith,16,8,94,2016,39
Seth Smith,13,6,85,2017,39
Will Smith,15,5,43,2019,26
Will Smith,8,2,33,2020,26
Justin Smoak,14,2,65,2016,35
Justin Smoak,38,2,151,2017,35
Justin Smoak,25,3,122,2018,35
Justin Smoak,22,6,86,2019,35
Travis Snider,3,2,50,2015,33
Eric Sogard,1,2,92,2015,35
Eric Sogard,3,4,68,2017,35
Eric Sogard,3,1,29,2019,35
Nick Solak,5,4,34,2019,26
Yangervis Solarte,15,5,116,2016,34
Yangervis Solarte,18,5,119,2017,34
Yangervis Solarte,17,3,106,2018,34
Jorge Soler,10,3,96,2015,29
Jorge Soler,2,1,14,2017,29
Jorge Soler,48,10,156,2019,29
Juan Soto,34,3,153,2019,23
Juan Soto,13,1,54,2020,23
Steven Souza,30,7,125,2017,32
Denard Span,11,4,152,2016,37
Cory Spangenberg,4,2,82,2015,30
Cory Spangenberg,13,5,117,2017,30
George Springer,29,11,168,2016,32
George Springer,34,11,155,2017,32
George Springer,39,6,140,2019,32
Jacob Stallings,6,2,50,2019,32
Giancarlo Stanton,27,2,74,2015,32
Giancarlo Stanton,27,4,99,2016,32
Giancarlo Stanton,59,7,168,2017,32
Giancarlo Stanton,38,8,164,2018,32
Giancarlo Stanton,4,2,19,2020,32
Chris Stewart,1,3,21,2016,39
Christin Stewart,10,7,86,2019,28
DJ Stewart,4,1,30,2019,28
Trevor Story,27,5,101,2016,29
Trevor Story,24,2,120,2017,29
Trevor Story,37,7,174,2018,29
Drew Stubbs,5,1,22,2015,37
Eugenio Suarez,26,9,139,2017,30
Eugenio Suarez,34,9,149,2018,30
Eugenio Suarez,49,11,156,2019,30
Eugenio Suarez,15,2,40,2020,30
Jesus Sucre,1,1,38,2018,33
Ichiro Suzuki,1,3,95,2016,48
Ichiro Suzuki,3,1,50,2017,48
Kurt Suzuki,5,7,104,2015,38
Kurt Suzuki,19,13,78,2017,38
Kurt Suzuki,17,6,74,2019,38
Dansby Swanson,14,2,114,2018,27
Dansby Swanson,17,5,121,2019,27
Nick Swisher,2,1,20,2015,41
Matt Szczur,5,1,48,2016,32
Raimel Tapia,2,2,46,2017,27
Fernando Tatis,22,5,106,2019,22
Fernando Tatis,17,5,62,2020,22
Chris Taylor,12,4,96,2019,31
Michael Taylor,14,1,108,2015,30
Michael Taylor,19,1,108,2017,30
Michael Taylor,6,1,80,2018,30
Mark Teixeira,31,6,100,2015,41
Mark Teixeira,15,2,79,2016,41
Ruben Tejada,3,5,94,2015,32
Rowdy Tellez,21,7,84,2019,26
Rowdy Tellez,8,1,32,2020,26
Eric Thames,31,7,116,2017,35
Eric Thames,16,2,54,2018,35
Eric Thames,25,10,98,2019,35
Eric Thames,3,3,25,2020,35
Charlie Tilson,1,3,33,2019,29
Andrew Toles,3,1,33,2016,29
Yasmany Tomas,31,1,144,2016,31
Gleyber Torres,24,5,117,2018,25
Gleyber Torres,38,3,152,2019,25
Devon Travis,11,5,83,2018,30
Sam Travis,6,1,31,2019,28
Mike Trout,41,10,172,2015,30
Mike Trout,29,11,173,2016,30
Mike Trout,33,7,123,2017,30
Mike Trout,39,10,147,2018,30
Mike Trout,45,16,137,2019,30
Mike Trout,17,3,56,2020,30
Mark Trumbo,47,3,157,2016,35
Yoshi Tsutsugo,8,1,31,2020,30
Cole Tucker,2,1,31,2019,25
Kyle Tucker,4,1,18,2019,24
Troy Tulowitzki,12,1,97,2015,37
Troy Tulowitzki,5,5,39,2015,37
Troy Tulowitzki,24,5,125,2016,37
Troy Tulowitzki,7,1,60,2017,37
Justin Turner,16,13,113,2015,37
Justin Turner,27,10,153,2016,37
Justin Turner,21,19,147,2017,37
Justin Turner,14,12,114,2018,37
Justin Turner,27,14,139,2019,37
Trea Turner,19,5,180,2018,28
Trea Turner,19,3,155,2019,28
B. J. Upton,16,2,88,2016,37
Justin Upton,26,4,136,2015,34
Justin Upton,31,4,140,2016,34
Justin Upton,28,3,128,2017,34
Justin Upton,30,10,137,2018,34
Jung Ho Kang,21,14,81,2016,34
Carson Kelly,18,2,77,2019,27
Matt Kemp,12,1,60,2016,37
Matt Kemp,21,1,134,2018,37
Tony Kemp,6,3,67,2018,30
Tony Kemp,7,4,37,2019,30
Howie Kendrick,9,2,137,2015,38
Howie Kendrick,8,3,124,2016,38
Howie Kendrick,4,2,46,2018,38
Howie Kendrick,17,4,115,2019,38
Max Kepler,17,3,93,2016,28
Max Kepler,19,6,124,2017,28
Max Kepler,20,5,119,2018,28
Kevin Kiermaier,12,7,90,2016,31
Kevin Kiermaier,15,5,105,2017,31
Kevin Kiermaier,7,6,72,2018,31
Kevin Kiermaier,14,5,102,2019,31
Kevin Kiermaier,3,1,30,2020,31
Isiah Kiner-Falefa,4,6,93,2018,26
Scott Kingery,8,3,102,2018,27
Scott Kingery,19,5,118,2019,27
Ian Kinsler,22,7,130,2017,39
Jason Kipnis,9,9,171,2015,34
Jason Kipnis,18,7,122,2018,34
Jason Kipnis,17,2,112,2019,34
Patrick Kivlehan,9,3,37,2017,32
Andrew Knapp,4,2,37,2018,30
Andrew Knapp,2,3,29,2019,30
Juan Lagares,6,4,114,2015,32
Juan Lagares,3,2,34,2016,32
Juan Lagares,5,2,55,2019,32
Jake Lamb,6,1,92,2015,31
Jake Lamb,29,3,130,2016,31
Jake Lamb,30,7,133,2017,31
Jake Lamb,6,5,36,2019,31
Tommy La Stella,2,2,40,2016,32
Tommy La Stella,5,2,36,2017,32
Tommy La Stella,1,2,45,2018,32
Brett Lawrie,16,5,146,2015,31
Brett Lawrie,12,2,87,2016,31
Dae-ho Lee,14,5,74,2016,39
DJ LeMahieu,6,1,170,2015,33
DJ LeMahieu,11,3,192,2016,33
DJ LeMahieu,8,6,189,2017,33
Sandy Leon,7,2,78,2016,32
Sandy Leon,7,1,61,2017,32
Adam Lind,20,1,139,2015,38
Adam Lind,20,1,96,2016,38
Francisco Lindor,15,5,182,2016,28
Francisco Lindor,33,4,178,2017,28
Francisco Lindor,38,8,183,2018,28
Francisco Lindor,32,3,170,2019,28
Francisco Lindor,8,4,61,2020,28
Jose Lobaton,3,1,27,2015,37
Jose Lobaton,3,1,23,2016,37
Jose Lobaton,4,1,24,2017,37
James Loney,4,1,101,2015,37
James Loney,9,5,91,2016,37
Evan Longoria,21,6,163,2015,36
Evan Longoria,36,3,173,2016,36
Evan Longoria,20,6,160,2017,36
Evan Longoria,16,5,117,2018,36
Evan Longoria,20,7,115,2019,36
Jed Lowrie,9,3,51,2015,37
Jed Lowrie,14,2,157,2017,37
Jed Lowrie,23,3,159,2018,37
Jonathan Lucroy,13,1,101,2016,35
Jonathan Lucroy,11,2,42,2016,35
Jonathan Lucroy,2,4,44,2017,35
Jonathan Lucroy,4,3,100,2018,35
Jonathan Lucroy,1,1,10,2019,35
Dawel Lugo,6,3,67,2019,27
Dixon Machado,1,3,44,2018,29
Manny Machado,35,4,181,2015,29
Manny Machado,37,3,188,2016,29
Manny Machado,33,1,163,2017,29
Manny Machado,13,2,73,2018,29
Manny Machado,32,6,150,2019,29
Mikie Mahtook,9,3,45,2018,32
Martin Maldonado,4,1,48,2015,35
Martin Maldonado,8,6,42,2016,35
Martin Maldonado,14,18,95,2017,35
Trey Mancini,24,6,159,2017,29
Trey Mancini,24,5,141,2018,29
Trey Mancini,35,9,175,2019,29
Manuel Margot,8,2,117,2018,27
Manuel Margot,12,2,93,2019,27
Jake Marisnick,16,6,56,2017,30
Jake Marisnick,10,4,45,2018,30
Nick Markakis,3,3,181,2015,38
Nick Markakis,13,5,161,2016,38
Nick Markakis,8,6,163,2017,38
Nick Markakis,14,1,185,2018,38
Nick Markakis,9,2,118,2019,38
Ketel Marte,5,1,58,2017,28
Ketel Marte,14,3,135,2018,28
Ketel Marte,32,4,187,2019,28
Starling Marte,19,19,166,2015,33
Starling Marte,9,16,152,2016,33
Starling Marte,20,8,155,2018,33
Starling Marte,23,16,159,2019,33
Starling Marte,2,5,38,2020,33
J. D. Martinez,38,5,168,2015,34
J. D. Martinez,22,3,141,2016,34
J. D. Martinez,43,4,188,2018,34
J. D. Martinez,36,4,175,2019,34
J. D. Martinez,7,2,45,2020,34
Leonys Martin,5,2,63,2015,33
Leonys Martin,3,2,20,2017,33
Leonys Martin,9,3,76,2018,33
Nick Martini,1,5,45,2018,31
Russell Martin,23,8,106,2015,38
Russell Martin,20,10,105,2016,38
Russell Martin,6,8,46,2019,38
Victor Martinez,11,7,108,2015,43
Victor Martinez,27,4,160,2016,43
Victor Martinez,10,5,100,2017,43
Victor Martinez,9,2,117,2018,43
Jeff Mathis,2,2,40,2017,38
Joe Mauer,10,1,157,2015,38
Joe Mauer,11,1,129,2016,38
Joe Mauer,7,3,160,2017,38
Joe Mauer,6,2,137,2018,38
Justin Maxwell,7,3,52,2015,38
Cameron Maybin,10,1,135,2015,34
Cameron Maybin,6,2,79,2017,34
Cameron Maybin,3,2,63,2018,34
Nomar Mazara,20,6,137,2016,26
Nomar Mazara,20,4,140,2017,26
Nomar Mazara,20,4,126,2018,26
Nomar Mazara,19,6,115,2019,26
Steve Pearce,15,7,64,2015,38
Steve Pearce,10,1,63,2016,38
Steve Pearce,13,5,79,2017,38
Joc Pederson,26,9,101,2015,29
Joc Pederson,25,4,100,2016,29
Joc Pederson,11,10,58,2017,29
Joc Pederson,25,4,98,2018,29
Joc Pederson,36,12,112,2019,29
Dustin Pedroia,12,2,111,2015,38
Dustin Pedroia,7,2,119,2017,38
Francisco Pena,2,1,27,2018,32
Ramiro Pena,1,2,26,2016,36
Hunter Pence,13,1,114,2016,38
Hunter Pence,13,2,128,2017,38
David Peralta,17,4,144,2015,34
David Peralta,4,3,43,2016,34
David Peralta,14,6,154,2017,34
David Peralta,30,4,164,2018,34
David Peralta,12,5,105,2019,34
Jhonny Peralta,17,5,159,2015,39
Jose Peraza,5,7,126,2017,27
Jose Peraza,14,9,182,2018,27
Roberto Perez,7,2,42,2015,33
Roberto Perez,24,4,93,2019,33
Salvador Perez,21,4,138,2015,31
Salvador Perez,22,8,127,2016,31
Salvador Perez,27,5,126,2017,31
Jace Peterson,6,3,126,2015,31
Jace Peterson,7,1,89,2016,31
Jace Peterson,2,1,40,2017,31
Gregorio Petit,2,1,50,2016,37
Tommy Pham,9,3,36,2016,33
Tommy Pham,14,2,87,2018,33
Tommy Pham,7,4,49,2018,33
Tommy Pham,21,5,155,2019,33
Brandon Phillips,12,4,173,2015,40
Brandon Phillips,11,8,160,2016,40
Brandon Phillips,11,8,137,2017,40
Brett Phillips,4,1,24,2017,27
Josh Donaldson,37,9,164,2016,36
Josh Donaldson,33,3,112,2017,36
Josh Donaldson,37,8,142,2019,36
Josh Donaldson,6,2,18,2020,36
Brian Dozier,28,7,148,2015,34
Brian Dozier,42,8,165,2016,34
Brian Dozier,34,8,167,2017,34
Brian Dozier,16,3,93,2018,34
Brian Dozier,20,4,99,2019,34
Hunter Dozier,26,3,146,2019,30
Stephen Drew,17,1,77,2015,38
Brandon Drury,16,3,130,2016,29
Brandon Drury,13,5,119,2017,29
Lucas Duda,27,14,115,2015,35
Lucas Duda,7,2,35,2016,35
Lucas Duda,17,2,62,2017,35
Lucas Duda,13,4,30,2017,35
Lucas Duda,13,8,75,2018,35
Lucas Duda,4,1,18,2019,35
Matt Duffy,4,7,148,2018,30
Adam Duvall,5,2,14,2015,33
Adam Duvall,33,6,133,2016,33
Adam Duvall,31,10,146,2017,33
Adam Duvall,15,4,68,2018,33
Jarrod Dyson,1,3,83,2016,37
Jarrod Dyson,5,10,87,2017,37
Adam Eaton,14,14,175,2015,33
Adam Eaton,14,14,176,2016,33
Adam Eaton,4,1,36,2020,33
A. J. Ellis,7,1,43,2015,40
A. J. Ellis,1,2,27,2016,40
A. J. Ellis,1,1,41,2018,40
Jacoby Ellsbury,7,7,116,2015,38
Jacoby Ellsbury,9,2,145,2016,38
Jacoby Ellsbury,7,5,94,2017,38
Edwin Encarnacion,39,9,146,2015,38
Edwin Encarnacion,42,5,158,2016,38
Edwin Encarnacion,38,5,143,2017,38
Edwin Encarnacion,32,8,123,2018,38
Edwin Encarnacion,13,3,44,2019,38
Phil Ervin,7,5,55,2018,29
Alcides Escobar,3,8,157,2015,35
Alcides Escobar,7,3,166,2016,35
Alcides Escobar,6,4,150,2017,35
Alcides Escobar,4,5,112,2018,35
Eduardo Escobar,12,2,107,2015,32
Eduardo Escobar,6,1,83,2016,32
Eduardo Escobar,21,5,116,2017,32
Eduardo Escobar,15,3,101,2018,32
Eduardo Escobar,8,2,53,2018,32
Eduardo Escobar,35,3,171,2019,32
Eduardo Escobar,4,2,43,2020,32
Danny Espinosa,13,6,88,2015,34
Danny Espinosa,24,20,108,2016,34
Danny Espinosa,6,4,37,2017,34
Andre Ethier,14,4,116,2015,39
Kyle Farmer,9,3,42,2019,31
Prince Fielder,23,11,187,2015,37
Prince Fielder,8,7,69,2016,37
Derek Fisher,5,3,31,2017,28
Ryan Flaherty,9,4,54,2015,35
Ryan Flaherty,2,1,35,2018,35
Ramon Flores,2,2,51,2016,29
Wilmer Flores,16,4,127,2015,30
Wilmer Flores,18,3,91,2017,30
Wilmer Flores,11,5,103,2018,30
Wilmer Flores,12,1,53,2020,30
Tyler Flowers,8,11,76,2016,35
Tyler Flowers,12,20,89,2017,35
Tyler Flowers,11,6,62,2019,35
Mike Ford,12,3,37,2019,29
Logan Forsythe,17,14,152,2015,34
Logan Forsythe,6,4,81,2017,34
Dexter Fowler,17,5,149,2015,35
Dexter Fowler,18,4,111,2017,35
Dexter Fowler,19,8,116,2019,35
Maikel Franco,14,4,85,2015,29
Maikel Franco,25,5,148,2016,29
Maikel Franco,24,2,132,2017,29
Nick Franklin,6,3,47,2016,30
Adam Frazier,6,8,112,2017,30
Adam Frazier,10,3,88,2018,30
Adam Frazier,10,9,154,2019,30
Clint Frazier,12,2,60,2019,27
Todd Frazier,35,7,158,2015,35
Todd Frazier,40,4,133,2016,35
Todd Frazier,16,4,58,2017,35
Todd Frazier,11,10,43,2017,35
Todd Frazier,18,8,87,2018,35
Todd Frazier,21,12,112,2019,35
Freddie Freeman,18,7,115,2015,32
Freddie Freeman,34,10,178,2016,32
Freddie Freeman,38,6,176,2019,32
Freddie Freeman,13,3,73,2020,32
Freddie Freeman,28,7,135,2017,32
Freddie Freeman,23,7,191,2018,32
David Freese,13,10,118,2016,38
David Freese,10,15,112,2017,38
David Freese,9,3,68,2018,38
Sam Fuld,2,2,57,2015,40
Joey Gallo,41,8,94,2017,28
Joey Gallo,40,3,103,2018,28
Joey Gallo,22,2,61,2019,28
Joey Gallo,10,4,35,2020,28
Freddy Galvis,7,3,147,2015,32
Freddy Galvis,20,3,141,2016,32
Freddy Galvis,12,4,155,2017,32
Freddy Galvis,13,2,149,2018,32
Ben Gamel,11,1,140,2017,29
Ben Gamel,1,4,70,2018,29
Ben Gamel,7,3,77,2019,29
Adonis Garcia,14,6,145,2016,36
Avisail Garcia,13,8,142,2015,30
Avisail Garcia,18,9,171,2017,30
Avisail Garcia,19,4,84,2018,30
Avisail Garcia,20,7,138,2019,30
Avisail Garcia,2,6,43,2020,30
Greg Garcia,2,1,18,2015,32
Greg Garcia,3,4,59,2016,32
Greg Garcia,3,4,40,2018,32
Greg Garcia,4,5,77,2019,32
Brett Gardner,16,6,148,2015,38
Brett Gardner,21,8,157,2017,38
Mitch Garver,7,2,81,2018,30
Evan Gattis,27,3,139,2015,35
Evan Gattis,32,4,112,2016,35
Evan Gattis,25,3,92,2018,35
Scooter Gennett,6,4,99,2015,31
Scooter Gennett,14,2,131,2016,31
Scooter Gennett,27,4,136,2017,31
Scooter Gennett,23,4,181,2018,31
Conor Gillaspie,3,1,41,2015,34
Conor Gillaspie,6,1,50,2016,34
Ryan Goins,2,1,36,2019,33
Paul Goldschmidt,33,2,182,2015,34
Paul Goldschmidt,24,7,172,2016,34
Paul Goldschmidt,36,8,166,2017,34
Paul Goldschmidt,33,6,172,2018,34
Paul Goldschmidt,34,2,155,2019,34
Jonny Gomes,7,3,43,2015,41
Yan Gomes,12,7,84,2015,34
Yan Gomes,16,8,107,2018,34
Yan Gomes,12,5,70,2019,34
Carlos Gomez,4,2,36,2015,36
Carlos Gomez,5,4,62,2016,36
Adrian Gonzalez,28,6,157,2015,39
Adrian Gonzalez,18,4,162,2016,39
Adrian Gonzalez,6,1,40,2018,39
Carlos Gonzalez,40,1,150,2015,36
Carlos Gonzalez,25,1,174,2016,36
Carlos Gonzalez,14,2,123,2017,36
Carlos Gonzalez,16,1,128,2018,36
Erik Gonzalez,1,1,36,2019,30
Marwin Gonzalez,13,5,123,2016,32
Marwin Gonzalez,23,6,138,2017,32
Marwin Gonzalez,16,3,121,2018,32
Marwin Gonzalez,15,6,112,2019,32
Niko Goodrum,16,4,109,2018,29
Niko Goodrum,12,1,105,2019,29
Brian Goodwin,13,1,63,2017,31
Brian Goodwin,17,3,108,2019,31
Brian Goodwin,4,1,23,2020,31
Alex Gordon,13,14,96,2015,37
Alex Gordon,17,8,98,2016,37
Alex Gordon,9,14,99,2017,37
Alex Gordon,13,10,124,2018,37
Alex Gordon,13,19,148,2019,37
Dee Strange-Gordon,4,2,205,2015,33
Dee Strange-Gordon,3,1,108,2019,33
Yuli Gurriel,18,7,158,2017,37
Yuli Gurriel,31,5,168,2019,37
Curtis Granderson,26,7,150,2015,40
Curtis Granderson,30,9,129,2016,40
Curtis Granderson,19,2,77,2017,40
Curtis Granderson,11,3,74,2018,40
Curtis Granderson,12,3,58,2019,40
Yasmani Grandal,16,2,83,2015,33
Yasmani Grandal,27,2,89,2016,33
Yasmani Grandal,24,3,106,2018,33
Yasmani Grandal,28,5,126,2019,33
A. J. Pierzynski,9,7,122,2015,45
A. J. Pierzynski,2,3,54,2016,45
Kevin Pillar,12,5,163,2015,32
Kevin Pillar,21,9,157,2019,32
Kevin Pillar,2,1,28,2020,32
Manny Pina,9,5,77,2018,34
Manny Pina,7,4,36,2019,34
Chad Pinder,13,6,77,2018,29
Jose Pirela,5,3,109,2018,32
Stephen Piscotty,7,1,71,2015,30
Stephen Piscotty,9,5,80,2017,30
Kevin Plawecki,3,4,51,2015,30
Kevin Plawecki,1,2,26,2016,30
Kevin Plawecki,3,3,26,2017,30
Kevin Plawecki,7,9,50,2018,30
Trevor Plouffe,2,1,17,2017,35
Gregory Polanco,9,1,152,2015,30
Gregory Polanco,11,3,95,2017,30
Gregory Polanco,23,3,117,2018,30
Gregory Polanco,6,1,37,2019,30
Jorge Polanco,13,2,125,2017,28
Jorge Polanco,22,4,186,2019,28
AJ Pollock,14,6,113,2017,34
AJ Pollock,21,8,106,2018,34
AJ Pollock,15,7,82,2019,34
Buster Posey,19,3,177,2015,34
Buster Posey,14,3,155,2016,34
Buster Posey,12,8,158,2017,34
Buster Posey,5,3,113,2018,34
Buster Posey,7,4,104,2019,34
Martin Prado,9,5,144,2015,38
Martin Prado,8,4,183,2016,38
Alex Presley,3,1,23,2016,36
Jurickson Profar,20,12,133,2018,28
Jurickson Profar,20,8,100,2019,28
Cesar Puello,1,5,15,2019,30
Yasiel Puig,11,2,72,2015,31
Yasiel Puig,28,2,131,2017,31
Yasiel Puig,23,1,108,2018,31
Yasiel Puig,22,5,94,2019,31
Albert Pujols,40,6,147,2015,41
Albert Pujols,31,2,159,2016,41
Albert Pujols,23,2,143,2017,41
Albert Pujols,19,2,114,2018,41
Albert Pujols,23,3,120,2019,41
Albert Pujols,6,1,34,2020,41
Ryan Raburn,8,4,52,2015,40
Alexei Ramirez,10,1,145,2015,40
Alexei Ramirez,5,4,101,2016,40
Aramis Ramirez,11,4,69,2015,43
Hanley Ramirez,19,4,100,2015,38
Hanley Ramirez,30,7,157,2016,38
Hanley Ramirez,23,6,120,2017,38
Harold Ramirez,11,5,116,2019,27
Jose Ramirez,11,4,176,2016,29
Jose Ramirez,29,3,186,2017,29
Jose Ramirez,39,8,156,2018,29
Jose Ramirez,23,2,123,2019,29
Wilson Ramos,22,2,148,2016,34
Wilson Ramos,14,4,136,2019,34
J. T. Realmuto,10,2,114,2015,30
J. T. Realmuto,11,5,154,2016,30
J. T. Realmuto,17,8,148,2017,30
J. T. Realmuto,25,5,148,2019,30
Anthony Recker,2,1,10,2015,38
Anthony Recker,2,2,25,2016,38
Nolan Reimold,6,2,42,2015,38
Anthony Rendon,20,7,153,2016,31
Anthony Rendon,25,7,153,2017,31
Anthony Rendon,24,5,163,2018,31
Anthony Rendon,34,12,174,2019,31
Anthony Rendon,9,5,54,2020,31
Hunter Renfroe,26,6,103,2017,29
Hunter Renfroe,26,3,100,2018,29
Hunter Renfroe,33,2,95,2019,29
Jose Reyes,15,2,123,2017,38
Mark Reynolds,13,4,88,2015,38
Mark Reynolds,14,4,111,2016,38
Mark Reynolds,13,2,51,2018,38
Matt Reynolds,1,2,26,2017,31
Joey Rickard,2,3,24,2019,30
JT Riddle,6,2,25,2019,30
Austin Riley,18,5,62,2019,24
Austin Riley,8,1,45,2020,24
Rene Rivera,6,3,41,2016,38
Rene Rivera,8,3,40,2017,38
Anthony Rizzo,31,30,163,2015,32
Anthony Rizzo,32,16,170,2016,32
Anthony Rizzo,32,24,156,2017,32
Anthony Rizzo,25,20,160,2018,32
Anthony Rizzo,27,27,150,2019,32
Anthony Rizzo,11,10,45,2020,32
Clint Robinson,10,5,84,2015,36
Victor Robles,17,25,139,2019,24
Alex Rodriguez,33,6,131,2015,46
Sean Rodriguez,18,5,81,2016,36
Sean Rodriguez,2,1,6,2017,36
Sean Rodriguez,5,1,25,2018,36
Miguel Rojas,1,1,48,2016,32
Miguel Rojas,1,4,79,2017,32
Miguel Rojas,11,9,123,2018,32
Miguel Rojas,5,5,137,2019,32
Miguel Rojas,4,2,38,2020,32
Andrew Romine,2,3,47,2015,36
Adam Rosales,13,1,49,2016,38
Adam Rosales,3,2,17,2017,38
Amed Rosario,9,3,142,2018,26
Amed Rosario,15,3,177,2019,26
Eddie Rosario,10,2,90,2016,30
Wilin Rosario,6,1,62,2015,32
Ryan Rua,8,6,62,2016,31
Carlos Ruiz,2,4,60,2015,42
Carlos Ruiz,3,4,43,2016,42
Rio Ruiz,4,1,29,2017,27
Cameron Rupp,9,3,63,2015,33
Cameron Rupp,14,1,64,2017,33
Addison Russell,13,3,115,2015,27
Addison Russell,21,12,125,2016,27
Addison Russell,12,4,84,2017,27
Addison Russell,5,2,105,2018,27
Addison Russell,9,3,51,2019,27
Josh Rutledge,1,2,21,2015,32
Carlos Sanchez,12,4,129,2017,29
Carlos Sanchez,2,5,125,2019,29
Gary Sanchez,20,2,60,2016,29
Gary Sanchez,33,10,131,2017,29
Gary Sanchez,34,9,92,2019,29
Pablo Sandoval,10,7,115,2015,35
Pablo Sandoval,9,2,57,2018,35
Pablo Sandoval,14,1,73,2019,35
Miguel Sano,18,1,75,2015,28
Miguel Sano,25,1,103,2016,28
Miguel Sano,28,4,112,2017,28
Miguel Sano,13,1,38,2020,28
Anthony Santander,11,2,40,2020,27
Carlos Santana,19,3,127,2015,35
Carlos Santana,23,6,148,2017,35
Carlos Santana,8,1,41,2020,35
Carlos Santana,24,1,128,2018,35
Carlos Santana,34,3,161,2019,35
Danny Santana,3,1,29,2017,31
Danny Santana,28,6,134,2019,31
Domingo Santana,30,6,146,2017,29
Domingo Santana,5,1,56,2018,29
Domingo Santana,21,2,114,2019,29
Michael Saunders,24,5,124,2016,35
Michael Saunders,6,1,41,2017,35
Scott Schebler,3,1,9,2015,31
Scott Schebler,9,6,68,2016,31
Scott Schebler,30,14,110,2017,31
Scott Schebler,17,9,97,2018,31
Ryan Schimpf,20,9,60,2016,33
