﻿Domingo Acevedo,Domingo Antonio,240,27,"Villa Los Almacigos,  D.R.",acevedo01,R,R
Willy Adames,Willy Rafael,210,26,"Santiago, Santiago D.R.",adamewi01,R,R
Riley Adams,Riley Keaton,246,25,"Encinitas, CA USA",adamsri03,R,R
Joan Adon,Joan Manuel,242,23,"Santo Domingo, Distrito Nacional D.R.",adonjo01,R,R
Ehire Adrianza,Ehire Enrique,195,32,"Guarenas, Miranda Venezuela",adriaeh01,R,B
Hanser Alberto,Hanser Joel,215,29,"San Francisco de Macoris, Duarte D.R.",alberha01,R,R
Ozzie Albies,Ozhaino Jurdy Jiandro,165,24,"Willemstad,  Curacao",albieoz01,R,B
Jorge Alcala,Jorge Luis,205,26,"Bajos de Haina, San Cristobal D.R.",alcaljo01,R,R
Sergio Alcantara,Sergio Junior,151,25,"Santo Domingo Este, Santo Domingo D.R.",alcanse01,R,B
Tyler Alexander,Tyler John,203,27,"Chicago, IL USA",alexaty01,L,R
Anthony Alford,Anthony Joseph,215,27,"Columbia, MS USA",alforan01,R,R
Pete Alonso,Peter Morgan,245,27,"Tampa, FL USA",alonspe01,R,R
Jose Altuve,Jose Carlos,166,31,"Puerto Cabello, Carabobo Venezuela",altuvjo01,R,R
Eddy Alvarez,Eduardo Cortes,185,31,"Miami, FL USA",alvared01,R,B
Jose Alvarado,Jose Antonio,240,26,"Maracaibo, Zulia Venezuela",alvarjo03,L,L
Yordan Alvarez,Yordan Ruben,225,24,"Las Tunas,  Cuba",alvaryo01,R,L
Brett Anderson,Brett Franklin,230,33,"Midland, TX USA",anderbr04,L,L
Drew Anderson,Andrew James,205,27,"Reno, NV USA",anderdr02,R,R
Tim Anderson,Timothy Devon,185,28,"Tuscaloosa, AL USA",anderti01,R,R
Tyler Anderson,Tyler John,220,32,"Las Vegas, NV USA",anderty01,L,L
Aristides Aquino,Aristides,220,27,"Santo Domingo, Distrito Nacional D.R.",aquinar01,R,R
Orlando Arcia,Orlando Jesus,187,27,"Anaco, Anzoategui Venezuela",arciaor01,R,R
Nolan Arenado,Nolan James,215,30,"Newport Beach, CA USA",arenano01,R,R
Randy Arozarena,Randy,185,26,"La Habana, La Habana Cuba",arozara01,R,R
Luis Arraez,Luis Sangel,175,24,"San Felipe, Yaracuy Venezuela",arraelu01,R,L
Christian Arroyo,Christian Israel,210,26,"Tampa, FL USA",arroych01,R,R
Aaron Ashby,Aaron,181,23,"Kansas City, MO USA",ashbyaa01,L,R
Alex Avila,Alexander Thomas,228,34,"Hialeah, FL USA",avilaal01,R,L
Akil Baddoo,Akil Neomon,214,23,"Silver Spring, MD USA",baddoak01,L,L
Harrison Bader,Harrison Joseph,210,27,"Bronxville, NY USA",baderha01,R,R
Anthony Banda,Frank Anthony,225,28,"Corpus Christi, TX USA",bandaan01,L,L
Daniel Bard,Daniel Paul,215,36,"Houston, TX USA",bardda01,R,R
Scott Barlow,Scott A.,210,29,"New London, CT USA",barlosc01,R,R
Austin Barnes,Austin Scott,187,32,"Fullerton, CA USA",barneau01,R,R
Charlie Barnes,Charles Segars,190,26,"Sumter, SC USA",barnech01,L,L
Jacob Barnes,Jacob Andrew,231,31,"St. Petersburg, FL USA",barneja01,R,R
Kyle Barraclough,Kyle David,229,31,"Santa Clara, CA USA",barraky01,R,R
Luis Barrera,Luis Rafael,195,26,"Tamboril, Santiago D.R.",barrelu01,L,L
Anthony Bass,Anthony Edward,200,34,"Dearborn, MI USA",bassan01,R,R
Matt Beaty,Matthew Thomas,215,28,"Snellville, GA USA",beatyma01,R,L
Cam Bedrosian,Cameron Rock,225,30,"Senoia, GA USA",bedroca01,R,R
Cody Bellinger,Cody James,203,26,"Scottsdale, AZ USA",bellico01,L,L
Josh Bell,Joshua Evan,255,29,"Irving, TX USA",belljo02,R,B
Anthony Bender,Anthony Wayne,205,26,"Petaluma, CA USA",bendean01,R,R
Andrew Benintendi,Andrew Sebastian,180,27,"Cincinnati, OH USA",beninan01,L,L
Mookie Betts,Markus Lynn,180,29,"Nashville, TN USA",bettsmo01,R,R
Joe Biagini,Joseph Carlo,235,31,"Menlo Park, CA USA",biagijo01,R,R
Bo Bichette,Bo Joseph,185,23,"Orlando, FL USA",bichebo01,R,R
Phil Bickford,Phillip Roger,200,26,"Ventura, CA USA",bickfph01,R,R
Charlie Blackmon,Charles Cobb,221,35,"Dallas, TX USA",blackch02,L,L
Richard Bleier,Richard Sidney,215,34,"Miami Beach, FL USA",bleieri01,L,L
Xander Bogaerts,Xander Jan,218,29,"Oranjestad,  Aruba",bogaexa01,R,R
Alec Bohm,Alec Daniel,218,25,"Omaha, NE USA",bohmal01,R,R
Skye Bolt,Skye Michael,180,27,"Atlanta, GA USA",boltsk01,R,B
Brad Boxberger,Bradley George,211,33,"Fullerton, CA USA",boxbebr01,R,R
Jackie Bradley,Jackie,196,31,"Richmond, VA USA",bradlja02,R,L
Michael Brantley,Michael Charles,209,34,"Bellevue, WA USA",brantmi02,L,L
Lewis Brinson,Lewis Lamont,212,27,"Fort Lauderdale, FL USA",brinsle01,R,R
Seth Brown,Seth William,223,29,"Klamath Falls, OR USA",brownse01,L,L
Justin Bruihl,Justin,215,24,"Petaluma, CA USA",bruihju01,L,L
Kris Bryant,Kristopher Lee,230,29,"Las Vegas, NV USA",bryankr01,R,R
Walker Buehler,Walker Anthony,185,27,"Lexington, KY USA",buehlwa01,R,R
Jake McCarthy,Jacob Joseph,215,24,"Scranton, PA USA",mccarja02,L,L
Chas McCormick,Chas Kane,208,26,"West Chester, PA USA",mccorch01,L,R
Andrew McCutchen,Andrew Stefan,195,35,"Fort Meade, FL USA",mccutan01,R,R
T. J. McFarland,Timothy John,200,32,"Palos Park, IL USA",mcfartj01,L,L
Collin McHugh,Collin Alexander,191,34,"Naperville, IL USA",mchugco01,R,R
Ryan McKenna,Ryan Shea,195,24,"Grants Pass, OR USA",mckenry01,R,R
Ryan McMahon,Ryan Patrick,219,27,"Yorba Linda, CA USA",mcmahry01,R,L
Austin Meadows,Austin Wade,225,26,"Atlanta, GA USA",meadoau01,L,L
Adonis Medina,Adonis,187,25,"Santo Domingo Centro, Distrito Nacional D.R.",medinad01,R,R
Humberto Mejia,Humberto Albert,244,24,"Panama, Panama Panama",mejiahu01,R,R
Oscar Mercado,Oscar Mauricio,197,27,"Cartagena, Bolivar Colombia",mercaos01,R,R
Jordy Mercer,Jordy Joe,210,35,"Taloga, OK USA",mercejo03,R,R
Whit Merrifield,Whitley David,195,32,"Florence, SC USA",merriwh01,R,R
Julian Merryweather,Julian Christopher,215,30,"Berkeley, CA USA",merryju01,R,R
Jake Meyers,Jacob Berkshire,200,25,"Omaha, NE USA",meyerja02,L,R
Brad Miller,Bradley Austin,195,32,"Orlando, FL USA",millebr02,R,L
Brian Miller,Brian Christopher,196,26,"Raleigh, NC USA",millebr03,R,L
Alec Mills,Alec Thomas,205,30,"Clarksville, TN USA",millsal02,R,R
Juan Minaya,Juan Gustavo,210,31,"Maimon, Puerto Plata D.R.",minayju01,R,R
Anthony Misiewicz,Anthony,200,27,"Detroit, MI USA",misiean01,L,R
Yadier Molina,Yadier Benjamin,225,39,"Bayamon,  P.R.",molinya01,R,R
Yoan Moncada,Yoan Manuel,225,26,"Cienfuegos,  Cuba",moncayo01,R,B
Adalberto Mondesi,Raul Adalberto,200,26,"Los Angeles, CA USA",mondera02,R,B
Dylan Moore,Dylan,185,29,"Yorba Linda, CA USA",mooredy01,R,R
Colin Moran,Colin Richard,225,29,"Port Chester, NY USA",moranco01,R,L
Charlie Morton,Charles Alfred,215,38,"Flemington, NJ USA",mortoch02,R,R
Ryan Mountcastle,Ryan Lee,230,24,"Winter Springs, FL USA",mountry01,R,R
Cedric Mullins,Boyce Cedric,175,27,"Greensboro, NC USA",mullice01,L,L
Max Muncy,Maxwell Steven,215,31,"Midland, TX USA",muncyma01,R,L
Andres Munoz,Andres Clemente,243,22,"Los Mochis, Sinaloa Mexico",munozan01,R,R
Patrick Murphy,Patrick Brian,235,26,"Chandler, AZ USA",murphpa02,R,R
Wil Myers,William Bradford,207,31,"Thomasville, NC USA",myerswi01,R,R
Omar Narvaez,Omar David,220,29,"Maracay, Aragua Venezuela",narvaom01,R,L
Chad Green,Chad Keith,215,30,"Greenville, SC USA",greench03,R,L
Conner Greene,James Conner,195,26,"Santa Monica, CA USA",greenco01,R,R
Didi Gregorius,Mariekson Julius,205,31,"Amsterdam, North Holland Netherlands",gregodi01,R,L
Zack Greinke,Donald Zachary,200,38,"Orlando, FL USA",greinza01,R,R
Randal Grichuk,Randal Alexander,216,30,"Rosenberg, TX USA",grichra01,R,R
Trent Grisham,Trenton Marcus,224,25,"Burleson, TX USA",grishtr01,L,L
Robert Gsellman,Robert John,200,28,"Santa Monica, CA USA",gsellro01,R,R
Vladimir Guerrero,Vladimir,250,22,"Montreal, QC CAN",guerrvl02,R,R
Luis Guillorme,Luis Miguel,190,27,"Caracas, Distrito Federal Venezuela",guilllu01,R,L
Lourdes Gurriel,Lourdes Yunielki,215,28,"Sancti Spiritus,  Cuba",gurrilo01,R,R
Jandel Gustave,Jandel Francisco,220,29,"Pimentel, Duarte D.R.",gustaja01,R,R
Kelvin Gutierrez,Kelvin Manuel,215,27,"San Francisco de Macoris, Duarte D.R.",gutieke01,R,R
Eric Haase,Eric Michael,210,29,"Detroit, MI USA",haaseer01,R,R
Josh Hader,Josh Ronald,180,27,"Millersville, MD USA",haderjo01,L,L
Billy Hamilton,Billy R.,160,31,"Taylorsville, MS USA",hamilbi02,R,B
Garrett Hampson,Garrett Reese,196,27,"Reno, NV USA",hampsga01,R,R
Eric Hanhold,Eric Dru,210,28,"Bartlett, TN USA",hanhoer01,R,R
Mitch Haniger,Mitchell Evan,213,31,"Mountain View, CA USA",hanigmi01,R,R
Ian Happ,Ian Edward,205,27,"Pittsburgh, PA USA",happia01,R,B
Bryce Harper,Bryce Aron Max,210,29,"Las Vegas, NV USA",harpebr03,R,L
Austin Hays,Austin Charles Bryan,205,26,"Daytona Beach, FL USA",haysau01,R,R
Austin Hedges,Austin Charles,223,29,"San Juan Capistrano, CA USA",hedgeau01,R,R
Heath Hembree,Richard Heath,220,32,"Spartanburg, SC USA",hembrhe01,R,R
Guillermo Heredia,Guillermo,195,30,"Matanzas, Matanzas Cuba",heredgu01,L,R
Cesar Hernandez,Cesar Augusto,195,31,"Valencia, Carabobo Venezuela",hernace02,R,B
Enrique Hernandez,Enrique J.,190,30,"San Juan,  P.R.",hernaen02,R,R
Teoscar Hernandez,Teoscar Jose,205,29,"Cotui, Sanchez Ramirez D.R.",hernate01,R,R
Yonny Hernandez,Yonny Jose,140,23,"Maturin, Monagas Venezuela",hernayo02,R,B
Odubel Herrera,David Odubel,200,30,"San Jose, Anzoategui Venezuela",herreod01,R,L
Sam Hilliard,Samuel Beauman,236,27,"Mansfield, TX USA",hillisa01,L,L
Clay Holmes,Clayton Walter,245,28,"Dothan, AL USA",holmecl01,R,R
Eric Hosmer,Eric John,226,32,"South Miami, FL USA",hosmeer01,L,L
Sam Howard,Sam James,195,28,"Marietta, GA USA",howarsa01,L,R
Drew Hutchison,Andrew Scott,215,31,"Lakeland, FL USA",hutchdr01,R,L
Andy Ibanez,Andy,205,28,"La Habana, La Habana Cuba",ibanean01,R,R
Jose Iglesias,Jose Antonio,195,31,"La Habana, La Habana Cuba",iglesjo01,R,R
Raisel Iglesias,Raisel,190,31,"Isla de la Juventud,  Cuba",iglesra01,R,R
Jonathan India,Jonathan Joseph,200,25,"Fort Lauderdale, FL USA",indiajo01,R,R
Cole Irvin,Cole R.,217,27,"Anaheim, CA USA",irvinco01,L,L
Kyle Isbel,Kyle Grant,190,24,"Fontana, CA USA",isbelky01,R,L
Alex Jackson,Alex J.,215,26,"San Diego, CA USA",jacksal02,R,R
Andre Jackson,Andre Terrell,210,25,"Vail, AZ USA",jacksan01,R,R
Luke Jackson,Luke Ray,210,30,"Fort Lauderdale, FL USA",jackslu01,R,R
Travis Jankowski,Travis Paul,190,30,"Lancaster, PA USA",jankotr01,R,L
Danny Jansen,Daniel Robert,225,26,"Elmhurst, IL USA",janseda01,R,R
Ryan Jeffers,Ryan Michael,235,24,"Raleigh, NC USA",jeffery01,R,R
Eloy Jimenez,Eloy Arturo,240,25,"Santo Domingo, Distrito Nacional D.R.",jimenel02,R,R
Joe Jimenez,Joe Alexander,277,26,"San Juan,  P.R.",jimenjo02,R,R
Aaron Judge,Aaron James,282,29,"Linden, CA USA",judgeaa01,R,R
Hector Neris,Hector,227,32,"Villa Altagracia, San Cristobal D.R.",nerishe01,R,R
Tyler Nevin,Tyler Joseph,225,24,"Poway, CA USA",nevinty01,R,R
Kevin Newman,Kevin Bradley,185,28,"Poway, CA USA",newmake01,R,R
Brandon Nimmo,Brandon Tate,206,28,"Cheyenne, WY USA",nimmobr01,R,L
Lars Nootbaar,Lars Taylor-Tatsuji,210,24,"El Segundo, CA USA",nootbla01,R,L
Daniel Norris,Daniel David,207,28,"Johnson City, TN USA",norrida01,L,L
James Norwood,James Krittipum,215,28,"New York, NY USA",norwoja01,R,R
Dom Nunez,Dominic Manuel,212,26,"Elk Grove, CA USA",nunezdo01,R,L
Rougned Odor,Rougned Roberto,200,27,"Maracaibo, Zulia Venezuela",odorro01,R,L
Ryan O'Hearn,Ryan Patrick,220,28,"Dunedin, FL USA",ohearry01,L,L
Shohei Ohtani,Shohei,210,27,"Oshu, Iwate Japan",ohtansh01,R,L
Steven Okert,Steven Chandler,202,30,"Riverside, CA USA",okertst01,L,L
Matt Olson,Matthew Kent,225,27,"Atlanta, GA USA",olsonma02,R,L
Tyler O'Neill,Tyler Alan,200,26,"Burnaby, BC CAN",oneilty01,R,R
Oliver Ortega,Oliver,165,25,"Nagua, Maria Trinidad Sanchez D.R.",ortegol01,R,R
Rafael Ortega,Rafael Angel,180,30,"El Tigre, Anzoategui Venezuela",ortegra01,R,L
Isaac Paredes,Isaac Edgardo,213,22,"Hermosillo, Sonora Mexico",paredis01,R,R
Gerardo Parra,Gerardo Enrique,210,34,"Santa Barbara, Zulia Venezuela",parrage01,L,L
Luis Urias,Luis Fernando,186,24,"Magdalena de Kino, Sonora Mexico",uriaslu01,R,R
Jose Urquidy,Jose Luis,217,26,"Mazatlan, Sinaloa Mexico",urquijo01,R,R
Gio Urshela,Giovanny,215,30,"Cartagena, Bolivar Colombia",urshegi01,R,R
Pat Valaika,Patrick Ryne,200,29,"Valencia, CA USA",valaipa01,R,R
Josh VanMeter,Josh Michael,194,26,"Ossian, IN USA",vanmejo01,R,L
Daulton Varsho,Daulton John,207,25,"Marshfield, WI USA",varshda01,R,L
Andrew Vaughn,Andrew Clayton,215,23,"Santa Rosa, CA USA",vaughan01,R,R
Christian Vazquez,Christian Rafael,205,31,"Bayamon,  P.R.",vazquch01,R,R
Andrew Velazquez,Andrew,170,27,"Bronx, NY USA",velazan01,R,B
Alex Verdugo,Alexander Brady,192,25,"Tucson, AZ USA",verdual01,L,L
Matt Vierling,Matthew Gregory,205,25,"St. Louis, MO USA",vierlma01,R,R
Jonathan Villar,Jonathan Rafael,233,30,"La Vega, La Vega D.R.",villajo01,R,B
Nick Vincent,Nicholas James,185,35,"Poway, CA USA",vinceni01,R,R
Dan Vogelbach,Daniel,270,29,"Orlando, FL USA",vogelda01,R,L
Joey Votto,Joseph Daniel,220,38,"Toronto, ON CAN",vottojo01,R,L
Michael Wacha,Michael Joseph,215,30,"Iowa City, IA USA",wachami01,R,R
LaMonte Wade,LaMonte Aaron,205,27,"Baltimore, MD USA",wadela01,L,L
Tyler Wade,Tyler Dean,188,27,"Murrieta, CA USA",wadety01,R,L
Christian Walker,Christian Dickson,208,30,"Norristown, PA USA",walkech02,R,R
Jared Walsh,Jared James,210,28,"Brookfield, WI USA",walshja01,L,L
Donovan Walton,Donovan Robert,175,27,"Dallas, TX USA",waltodo01,R,L
Art Warren,Arthur Frank,230,28,"Defiance, OH USA",warrear01,R,R
Logan Webb,Logan T.,220,25,"Rocklin, CA USA",webblo01,R,R
Colton Welker,Colton,235,24,"Coral Springs, FL USA",welkeco01,R,R
J. B. Wendelken,Jeffrey Benjamin,242,28,"Savannah, GA USA",wendejb01,R,R
Joey Wendle,Joseph Patrick,195,31,"Wilmington, DE USA",wendljo01,R,L
Garrett Whitlock,Garrett Getts,225,25,"Snellville, GA USA",whitlga01,R,R
Taylor Widener,Taylor Browning,203,27,"Aiken, SC USA",widenta01,R,L
Trevor Williams,Trevor Anthony,235,29,"San Diego, CA USA",willitr01,R,R
Nick Wittgren,Nicholas James,216,30,"Torrance, CA USA",wittgni01,R,R
Jake Woodford,Jacob Robert,215,25,"St. Petersburg, FL USA",woodfja01,R,R
Mike Yastrzemski,Michael Andrew,178,31,"Andover, MA USA",yastrmi01,L,L
Bradley Zimmer,Bradley Clarke,185,29,"San Francisco, CA USA",zimmebr01,R,L
Bruce Zimmermann,Bruce Anthony,215,26,"Baltimore, MD USA",zimmebr02,L,L
Ryan Zimmerman,Ryan Wallace,215,37,"Washington, NC USA",zimmery01,R,R
Mike Zunino,Michael Accorsi,235,30,"Cape Coral, FL USA",zuninmi01,R,R
Matt Bush,Matthew Brian,180,35,"San Diego, CA USA",bushma01,R,R
Byron Buxton,Byron Keiron,190,28,"Baxley, GA USA",buxtoby01,R,R
Kole Calhoun,Kole Alan,205,34,"Tempe, AZ USA",calhoko01,L,L
Willie Calhoun,Willie Shawn Lamont,200,27,"Vallejo, CA USA",calhowi01,R,L
Daz Cameron,Dazmon Jaroid,185,24,"McDonough, GA USA",camerda01,R,R
Mark Canha,Mark David,209,32,"San Jose, CA USA",canhama01,R,R
Victor Caratini,Victor Manuel,215,28,"Ponce,  P.R.",caratvi01,R,B
Dylan Carlson,Dylan James,205,23,"Elk Grove, CA USA",carlsdy01,L,B
Matt Carpenter,Matthew Martin,210,36,"Galveston, TX USA",carpema01,R,L
Nick Castellanos,Nicholas A.,203,29,"Hialeah, FL USA",casteni01,R,R
Erick Castillo,Erick Jose,178,28,"Araure, Portuguesa Venezuela",castier01,R,R
Harold Castro,Harold Arnaldo,195,28,"Caracas, Distrito Federal Venezuela",castrha01,R,L
Jason Castro,Jason Michael,215,34,"Castro Valley, CA USA",castrja01,R,L
Kervin Castro,Kervin Alexander,185,22,"Maracay, Aragua Venezuela",castrke01,R,R
Willi Castro,Willi Rafael,206,24,"Rio Piedras,  P.R.",castrwi01,R,B
Dylan Cease,Dylan Edward,195,26,"Milton, GA USA",ceasedy01,R,R
Yu Chang,Yu-Cheng,180,26,"Taitung,  Taiwan",changyu01,R,R
Aroldis Chapman,Albertin Aroldis,218,33,"Holguin, Holguin Cuba",chapmar01,L,L
J. T. Chargois,Jon Thomas,200,31,"Sulphur, LA USA",chargjt01,R,B
Michael Chavis,Michael Scott,210,26,"Atlanta, GA USA",chavimi01,R,R
Jazz Chisholm,Jasrado Hermis Arrington,184,23,"Nassau, New Providence Bahamas",chishja01,R,L
Ji-Man Choi,Ji-Man,260,30,"Incheon, Incheon South Korea",choiji01,R,L
Adam Cimber,Adam Christian,195,31,"Portland, OR USA",cimbead01,R,R
Aaron Civale,Aaron James,215,26,"East Windsor, CT USA",civalaa01,R,R
Emmanuel Clase,Emmanuel,206,23,"Rio San Juan, Maria Trinidad Sanchez D.R.",claseem01,R,R
Dylan Coleman,Dylan David,230,25,"Potosi, MO USA",colemdy01,R,R
Zack Collins,Zachary Allen,220,26,"Pembroke Pines, FL USA",colliza01,R,L
Michael Conforto,Michael Thomas,215,28,"Seattle, WA USA",confomi01,R,L
Carlos Correa,Carlos Javier,220,27,"Ponce,  P.R.",correca01,R,R
Jharel Cotton,Jharel Leandre,200,29,", St. Thomas V.I.",cottojh01,R,R
Brandon Crawford,Brandon Michael,223,34,"Mountain View, CA USA",crawfbr01,R,L
J. P. Crawford,John Paul,199,26,"Long Beach, CA USA",crawfjp01,R,L
Nabil Crismatt,Nabil Antonio,220,27,"Barranquilla, Atlantico Colombia",crismna01,R,R
C. J. Cron,Christopher John,235,31,"Fullerton, CA USA",croncj01,R,R
Jake Cronenworth,Jacob John,187,27,"St. Clair, MI USA",croneja01,R,L
Nelson Cruz,Nelson Ramon,230,41,"Las Matas de Santa Cruz, Monte Cristi D.R.",cruzne02,R,R
Oneil Cruz,Oneil,210,23,"Nizao, Peravia D.R.",cruzon01,L,R
Bobby Dalbec,Robert Vernon,227,26,"Seattle, WA USA",dalbebo01,R,R
Travis d'Arnaud,Travis E.,210,32,"Long Beach, CA USA",darnatr01,R,R
Khris Davis,Khristopher Adrian,205,34,"Lakewood, CA USA",daviskh01,R,R
Yonathan Daza,Yonathan,207,27,"Maracay, Aragua Venezuela",dazayo01,R,R
Greg Deichmann,Gregory Arthur,205,26,"Metairie, LA USA",deichgr01,R,L
Bryan De La Cruz,Bryan Starling,175,25,"Santo Domingo Este, Santo Domingo D.R.",delacbr01,R,R
Delino DeShields,Delino Diaab,190,29,"Easton, MD USA",deshide02,R,R
Reid Detmers,Reid Kristien,210,22,"Nokomis, IL USA",detmere01,L,L
Rafael Devers,Rafael Calcano,240,25,"Sanchez, Samana D.R.",deverra01,R,L
Aledmys Diaz,Aledmys,195,31,"Santa Clara,  Cuba",diazal02,R,R
Lewin Diaz,Lewin Jose,217,25,"Santiago, Santiago D.R.",diazle01,L,L
Corey Dickerson,McKenzie Corey,200,32,"McComb, MS USA",dickeco01,R,L
Wilmer Difo,Wilmer Francisco,200,29,"Santiago de los Caballeros, Santiago D.R.",difowi01,R,B
Max Schrock,Max William,185,27,"Tacoma, WA USA",schroma01,R,L
Kyle Schwarber,Kyle Joseph,229,28,"Middletown, OH USA",schwaky01,R,L
Frank Schwindel,Frank J.,220,29,"Livingston, NJ USA",schwifr01,R,R
Corey Seager,Corey Drew,215,27,"Charlotte, NC USA",seageco01,R,L
Kyle Seager,Kyle Duerr,216,34,"Charlotte, NC USA",seageky01,R,L
Sam Selman,Samuel Ayres,198,31,"Austin, TX USA",selmasa01,L,R
Marcus Semien,Marcus Andrew,195,31,"San Francisco, CA USA",semiema01,R,R
Pedro Severino,Pedro,235,28,"Bonao, Monsenor Nouel D.R.",severpe01,R,R
Bryan Shaw,Bryan Anthony,226,34,"Livermore, CA USA",shawbr01,R,B
Travis Shaw,Travis R.,230,31,"Washington Court House, OH USA",shawtr01,R,L
Gavin Sheets,Gavin,230,25,"Lutherville, MD USA",sheetga01,L,L
Jordan Sheffield,Jordan Ladon,190,26,"Tullahoma, TN USA",sheffjo01,R,R
Zack Short,Zachary Ryan,180,26,"Kingston, NY USA",shortza01,R,R
Magneuris Sierra,Magneuris,178,25,"San Cristobal, San Cristobal D.R.",sierrma01,L,L
Andrelton Simmons,Andrelton A.,195,32,"Mundo Nobo,  Curacao",simmoan01,R,R
Dominic Smith,Dominic David Rene,239,26,"Los Angeles, CA USA",smithdo02,L,L
Pavin Smith,Pavin Joe,208,25,"Jupiter, FL USA",smithpa04,L,L
Will Smith,William Michael,255,32,"Newnan, GA USA",smithwi04,L,R
Will Smith,William Dills,195,26,"Louisville, KY USA",smithwi05,R,R
Nick Solak,Nicholas Blake,185,26,"Woodridge, IL USA",solakni01,R,R
Jorge Soler,Jorge Carlos,235,29,"La Habana, La Habana Cuba",solerjo01,R,R
Edmundo Sosa,Edmundo Israel,210,25,"Panama, Panama Panama",sosaed01,R,R
Juan Soto,Juan Jose,224,23,"Santo Domingo, Distrito Nacional D.R.",sotoju01,L,L
Shea Spitzbarth,Shea,215,27,"Staten Island, NY USA",spitzsh01,R,R
George Springer,George Chelston,221,32,"New Britain, CT USA",springe01,R,R
Craig Stammen,Craig Nicholas,228,37,"North Star, OH USA",stammcr01,R,R
Giancarlo Stanton,Giancarlo Cruz-Michael,245,32,"Panorama City, CA USA",stantmi03,R,R
Josh Staumont,Joshua Tyler,200,28,"La Habra, CA USA",staumjo01,R,R
Drew Steckenrider,Andrew Paul,217,30,"Atlanta, GA USA",steckdr01,R,R
Tyler Stephenson,Tyler Robert,225,25,"Atlanta, GA USA",stephty01,R,R
Andrew Stevenson,Andrew Patrick,192,27,"Lafayette, LA USA",stevean01,L,L
Myles Straw,Myles James Noble,178,27,"Garden Grove, CA USA",strawmy01,R,R
Hunter Strickland,Hunter Drew,225,33,"Thomaston, GA USA",strichu01,R,R
Spencer Strider,Spencer Robert,195,23,"Columbus, OH USA",stridsp01,R,R
Eugenio Suarez,Eugenio Alejandro,213,30,"Puerto Ordaz, Bolivar Venezuela",suareeu01,R,R
Brent Suter,Brent Michael,213,32,"Chicago, IL USA",suterbr01,L,L
Kurt Suzuki,Kurt Kiyoshi,210,38,"Wailuku, HI USA",suzukku01,R,R
Dansby Swanson,James Dansby,190,27,"Kennesaw, GA USA",swansda01,R,R
Erik Swanson,Erik,220,28,"Fargo, ND USA",swanser01,R,R
Noah Syndergaard,Noah Seth,242,29,"Mansfield, TX USA",syndeno01,R,L
Jameson Taillon,Jameson Lee,230,30,"Lakeland, FL USA",taillja01,R,R
Raimel Tapia,Raimel Antonio,175,27,"San Pedro de Macoris, San Pedro de Macoris D.R.",tapiara01,L,L
Dillon Tate,Dillon Michael,195,27,"Harbor City, CA USA",tatedi01,R,R
Fernando Tatis,Fernando Gabriel,217,22,"San Pedro de Macoris, San Pedro de Macoris D.R.",tatisfe02,R,R
Leody Taveras,Leody,195,23,"Tenares, Hermanas Mirabal D.R.",taverle01,R,B
Blake Taylor,Blake Michael,220,26,"Orange, CA USA",taylobl01,L,L
Chris Taylor,Christopher Armand,196,31,"Virginia Beach, VA USA",tayloch03,R,R
Michael Taylor,Michael Anthony,215,30,"Fort Lauderdale, FL USA",taylomi02,R,R
Tyrone Taylor,Tyrone Anthony,194,27,"Torrance, CA USA",tayloty01,R,R
Rowdy Tellez,Ryan John,255,26,"Sacramento, CA USA",tellero01,L,L
Ryan Tepera,Dennis Ryan,195,34,"Houston, TX USA",teperry01,R,R
Lane Thomas,Lane Michael,185,26,"Knoxville, TN USA",thomala02,R,R
Trayce Thompson,Trayce Nikolas,225,30,"Los Angeles, CA USA",thomptr01,R,R
Zach Thompson,Zachary Ryan,230,28,"Burleson, TX USA",thompza01,R,R
Abraham Toro,Abraham Josue,206,25,"Longueuil, QC CAN",toroab01,R,B
Gleyber Torres,Gleyber David,205,25,"Caracas, Distrito Federal Venezuela",torregl01,R,R
Luis Torrens,Luis Alfonso,208,25,"Valencia, Carabobo Venezuela",torrelu01,R,R
Ronald Torreyes,Ronald Alcides,155,29,"Libertador, Distrito Federal Venezuela",torrero01,R,R
Jose Trevino,Jose,210,29,"Corpus Christi, TX USA",trevijo01,R,R
Lou Trivino,Lou Albert,235,30,"Green Lane, PA USA",trivilo01,R,R
Yoshi Tsutsugo,Yoshitomo,225,30,"Hashimoto, Wakayama Japan",tsutsyo01,R,L
Cole Tucker,Cole Bryson,205,25,"Phoenix, AZ USA",tuckeco01,R,B
Kyle Tucker,Kyle Daniel,199,24,"Tampa, FL USA",tuckeky01,R,L
Justin Turner,Justin Matthew,202,37,"Long Beach, CA USA",turneju01,R,R
Trea Turner,Trea Vance,185,28,"Boynton Beach, FL USA",turnetr01,R,R
Jarred Kelenic,Jarred Robert,190,22,"Waukesha, WI USA",kelenja01,L,L
Kyle Keller,Kyle Robert,205,28,"Metairie, LA USA",kelleky01,R,R
Mitch Keller,Mitch Thomas,220,25,"Cedar Rapids, IA USA",kellemi03,R,R
Tony Kemp,Anthony Allen,160,30,"Franklin, TN USA",kempto01,R,L
Ian Kennedy,Ian Patrick,210,37,"Huntington Beach, CA USA",kenneia01,R,R
Max Kepler,Maximilian,225,28,"Berlin, Berlin Germany",keplema01,L,L
Carter Kieboom,Carter Alswinn,215,24,"Marietta, GA USA",kieboca01,R,R
Kevin Kiermaier,Kevin James,210,31,"Fort Wayne, IN USA",kiermke01,R,L
Ha-Seong Kim,Ha-Seong,168,26,"Bucheon,  South Korea",kimha01,R,R
Isiah Kiner-Falefa,Isiah,190,26,"Honolulu, HI USA",kineris01,R,R
Tyler Kinley,Tyler Harrison,220,30,"Plantation, FL USA",kinlety01,R,R
Andrew Kittredge,Andrew Michael,230,31,"Spokane, WA USA",kittran01,R,R
Andrew Knapp,Andrew Michael,189,30,"Roseville, CA USA",knappan01,R,B
Reiss Knehr,David Reiss,205,25,"Manhasset, NY USA",knehrre01,R,L
Andrew Knizner,Andrew Robert,225,26,"Glen Allen, VA USA",kniznan01,R,R
Michael Kopech,Michael Talbert,210,25,"Longview, TX USA",kopecmi01,R,R
Jackson Kowar,Jackson Alexander,200,25,"Weddington, NC USA",kowarja01,R,R
Pete Kozma,Peter Michael,190,33,"Tulsa, OK USA",kozmape01,R,R
Joey Krehbiel,Joseph Roland,185,29,"Seminole, FL USA",krehbjo01,R,R
Chad Kuhl,Chad Michael,205,29,"Newark, DE USA",kuhlch01,R,R
Juan Lagares,Juan Osvaldo,219,32,"Constanza, La Vega D.R.",lagarju01,R,R
Dinelson Lamet,Dinelson,228,29,"Santiago, Santiago D.R.",lametdi01,R,R
Tommy La Stella,Thomas F.,180,32,"Westwood, NJ USA",lasteto01,R,L
Dominic Leone,Dominic Joseph,215,30,"Norwich, CT USA",leonedo01,R,R
Sandy Leon,Sandy David,235,32,"Maracaibo, Zuila Venezuela",leonsa01,R,B
Francisco Lindor,Francisco Miguel,190,28,"Caguas,  P.R.",lindofr01,R,B
Jonathan Loaisiga,Jonathan Stanley,165,27,"Managua, Managua Nicaragua",loaisjo01,R,R
Evan Longoria,Evan Michael,213,36,"Downey, CA USA",longoev01,R,R
Nicky Lopez,Nicholas,180,26,"Naperville, IL USA",lopezni01,R,L
Pablo Lopez,Pablo Jose,225,25,"Cabimas, Zulia Venezuela",lopezpa01,R,L
Reynaldo Lopez,Reynaldo Starling,225,27,"San Pedro de Macoris, San Pedro de Macoris D.R.",lopezre01,R,R
Brandon Lowe,Brandon Norman,185,27,"Suffolk, VA USA",lowebr01,R,L
Nathaniel Lowe,David Nathaniel,220,26,"Norfolk, VA USA",lowena01,R,L
Gavin Lux,Gavin Thomas,190,24,"Kenosha, WI USA",luxga01,R,L
Andres Machado,Andres Eduardo,220,28,", Carabobo Venezuela",machaan02,R,R
Manny Machado,Manuel Arturo,218,29,"Hialeah, FL USA",machama01,R,R
Martin Maldonado,Martin Benjamin,230,35,"Naguabo,  P.R.",maldoma01,R,R
Trey Mancini,Joseph Anthony,230,29,"Winter Haven, FL USA",mancitr01,R,R
Joe Mantiply,Joseph Newman,219,30,"Danville, VA USA",mantijo01,L,R
Manuel Margot,Manuel,180,27,"San Cristobal, San Cristobal D.R.",margoma01,R,R
Jake Marisnick,Jacob Shawn,220,30,"Riverside, CA USA",marisja01,R,R
Deven Marrero,Deven Sommer,190,31,"Miami, FL USA",marrede01,R,R
Brandon Marsh,Brandon Chase,215,24,"Buford, GA USA",marshbr02,R,L
Ketel Marte,Ketel Ricardo,210,28,"Nizao, Peravia D.R.",marteke01,R,B
Starling Marte,Starling Javier,195,33,"Santo Domingo, Distrito Nacional D.R.",martest01,R,R
Chris Martin,Christopher Riley,225,35,"Arlington, TX USA",martich02,R,R
J. D. Martinez,Julio Daniel,230,34,"Miami, FL USA",martijd02,R,R
Richie Martin,Richard Allen,190,27,"Detroit, MI USA",martiri01,R,R
Tyler Matzek,Tyler Alexander,230,31,"Mission Viejo, CA USA",matzety01,L,L
Mike Mayers,Michael Christopher,220,30,"Grove City, OH USA",mayermi01,R,R
Jack Mayfield,David Jack,190,31,"Del Rio, TX USA",mayfija01,R,R
Patrick Mazeika,Patrick Alan,210,28,"Springfield, MA USA",mazeipa01,R,L
Joel Payamps,Joel Elias,225,27,"Santiago, Santiago D.R.",payamjo01,R,R
Tyler Payne,Anthony Tyler,210,29,"Hurricane, WV USA",paynety01,R,R
Nate Pearson,Nathan Alexander,250,25,"Odessa, FL USA",pearsna01,R,R
David Peralta,Senger David,210,34,"Valencia, Carabobo Venezuela",peralda01,L,L
Wandy Peralta,Wandy Luis,217,30,"San Francisco de Macoris, Duarte D.R.",peralwa01,L,L
Jose Peraza,Jose Francisco,210,27,"Barinas, Barinas Venezuela",perazjo01,R,R
Geraldo Perdomo,Geraldo Rafael,203,22,"Santo Domingo, Distrito Nacional D.R.",perdoge01,R,B
Martin Perez,Martin,200,30,"Guanare, Portuguesa Venezuela",perezma02,L,L
Michael Perez,Michael,195,29,"Catano,  P.R.",perezmi03,R,L
Salvador Perez,Salvador Johan,255,31,"Valencia, Carabobo Venezuela",perezsa02,R,R
DJ Peters,Donald Scott,225,26,"Glendora, CA USA",peterdj01,R,R
Jace Peterson,Jace Ryan,215,31,"Lake Charles, LA USA",peterja01,R,L
Tommy Pham,Thomas James,223,33,"Las Vegas, NV USA",phamth01,R,R
Brett Phillips,Brett Maverick,195,27,"Seminole, FL USA",phillbr02,R,L
Marcos Diplan,Marcos Antonio,200,25,"Santiago, Santiago D.R.",diplama01,R,R
Seranthony Dominguez,Seranthony Ambioris,225,27,"Esperanza, Valverde D.R.",dominse01,R,R
Josh Donaldson,Joshua Adam,210,36,"Pensacola, FL USA",donaljo02,R,R
Sean Doolittle,Sean Robert,204,35,"Rapid City, SD USA",doolise01,L,L
Hunter Dozier,Hunter William,220,30,"Wichita Falls, TX USA",doziehu01,R,R
Matt Duffy,Matthew Michael,190,30,"Long Beach, CA USA",duffyma01,R,R
Dane Dunning,Dane Anthony,225,27,"Orange Park, FL USA",dunnida01,R,R
Adam Duvall,Adam Lynn,215,33,"Louisville, KY USA",duvalad01,R,R
Tommy Edman,Thomas Hyunsu,180,26,"San Diego, CA USA",edmanto01,R,B
Adam Engel,Adam Trevor,215,30,"Cincinnati, OH USA",engelad01,R,R
Alcides Escobar,Alcides,205,35,"La Sabana, La Guaira Venezuela",escobal02,R,R
Eduardo Escobar,Eduardo Jose,193,32,"La Pica, Maracay Venezuela",escobed01,R,B
Santiago Espinal,Santiago Roman,181,27,"Santiago, Santiago D.R.",espinsa01,R,R
Carlos Estevez,Carlos Samuel,277,29,"Santo Domingo, Distrito Nacional D.R.",estevca01,R,R
Bailey Falter,Bailey,175,24,"Chino Hills, CA USA",falteba01,L,R
Erick Fedde,Erick James,200,28,"Las Vegas, NV USA",feddeer01,R,R
Kyle Finnegan,Kyle Edward,200,30,"Detroit, MI USA",finneky01,R,R
Jack Flaherty,Jack Rafe,225,26,"Burbank, CA USA",flaheja01,R,R
Josh Fleming,Joshua Randol,220,25,"Bridgeton, MO USA",flemijo01,L,L
David Fletcher,David Owen,185,27,"Orange, CA USA",fletcda02,R,R
Wilmer Flores,Wilmer Alejandro,213,30,"Valencia, Carabobo Venezuela",florewi01,R,R
Dylan Floro,Dylan Lee,203,31,"Merced, CA USA",florody01,R,L
Mike Foltynewicz,Michael Gary,195,30,"Sterling, IL USA",foltymi01,R,R
Nick Fortes,Nicholas,198,25,"DeLand, FL USA",forteni01,R,R
Matt Foster,Matthew James,215,26,"Valley, AL USA",fostema01,R,R
Jake Fraley,Jake Arnold,195,26,"Frederick, MD USA",fraleja01,L,L
Ty France,Tyler Lawrence,217,27,"Downey, CA USA",francty01,R,R
Adam Frazier,Adam Timothy,185,30,"Athens, GA USA",fraziad01,R,L
Freddie Freeman,Frederick Charles,220,32,"Villa Park, CA USA",freemfr01,R,L
TJ Friedl,Terry Lee,180,26,"Sewickley, PA USA",friedtj01,L,L
Michael Fulmer,Michael Joseph,224,28,"Oklahoma City, OK USA",fulmemi01,R,R
Cam Gallagher,Cameron Joseph,230,29,"Lancaster, PA USA",gallaca01,R,R
Joey Gallo,Joseph Nicholas,250,28,"Henderson, NV USA",gallojo01,R,L
Freddy Galvis,Freddy Jose,190,32,"Punto Fijo, Falcon Venezuela",galvifr01,R,B
Ben Gamel,Benjamin Joseph,177,29,"Neptune Beach, FL USA",gamelbe01,L,L
Adolis Garcia,Jose Adolis,205,28,"Ciego de Avila,  Cuba",garciad02,R,R
Avisail Garcia,Avisail Antonio,250,30,"Anaco, Anzoategui Venezuela",garciav01,R,R
Jarlin Garcia,Jarlin Emmanuel,210,28,"Santo Domingo, Distrito Nacional D.R.",garcija04,L,L
Jose Barrero,Jose Israel,175,23,"La Habana, La Habana Cuba",garcijo02,R,R
Leury Garcia,Leury,190,30,"Santiago, Santiago D.R.",garcile02,R,B
Brett Gardner,Brett M.,195,38,"Holly Hill, SC USA",gardnbr01,L,L
Dustin Garneau,Dustin Thomas,205,34,"Torrance, CA USA",garnedu01,R,R
Amir Garrett,Amir Jamal,239,29,"Victorville, CA USA",garream01,L,R
Trent Giambrone,Trent Joseph,175,28,"Metairie, LA USA",giambtr01,R,R
Lucas Gilbreath,Lucas,185,25,"Westminster, CO USA",gilbrlu01,L,L
Andres Gimenez,Andres Alfonso,161,23,"Barquisimeto, Lara Venezuela",gimenan01,R,L
Mychal Givens,Mychal Antonio,230,31,"Tampa, FL USA",givenmy01,R,R
Paul Goldschmidt,Paul Edward,220,34,"Wilmington, DE USA",goldspa01,R,R
Yan Gomes,Yan,212,34,"Sao Paulo, Sao Paulo Brazil",gomesya01,R,R
Marwin Gonzalez,Marwin Javier,205,32,"Puerto Ordaz, Bolivar Venezuela",gonzama01,R,B
Niko Goodrum,Cartier Niko,215,29,"Atlanta, GA USA",goodrni01,R,B
Nick Gordon,Nicholas Chad,160,26,"Avon Park, FL USA",gordoni01,R,L
Anthony Gose,Anthony Robert,200,31,"Bellflower, CA USA",gosean01,L,L
Philip Gosselin,Philip David,188,33,"Bryn Mawr, PA USA",gosseph01,R,R
Ashton Goudeau,Ashton Chase,220,29,"Newport, AR USA",goudeas01,R,R
Yuli Gurriel,Yulieski,215,37,"Sancti Spiritus,  Cuba",gourryu01,R,R
Yasmani Grandal,Yasmani,225,33,"La Habana, La Habana Cuba",grandya01,R,B
Manny Pina,Manuel Elias,222,34,"Barquisimeto, Lara Venezuela",pinama01,R,R
Chad Pinder,Chadwick Hudson,210,29,"Richmond, VA USA",pindech01,R,R
Nick Pivetta,Nicholas Johncarlo,214,28,"Victoria, BC CAN",pivetni01,R,R
Jorge Polanco,Jorge Luis,208,28,"San Pedro de Macoris, San Pedro de Macoris D.R.",polanjo01,R,B
AJ Pollock,Allen Lorenz,210,34,"Hebron, CT USA",polloaj01,R,R
Cody Ponce,Cody Joe,255,27,"Pomona, CA USA",ponceco01,R,R
Sean Poppen,Sean Russell,210,27,"Virginia Beach, VA USA",poppese01,R,R
Zach Pop,Zachery M.,220,25,"Brampton, ON CAN",popza01,R,R
Buster Posey,Gerald Dempsey,213,34,"Leesburg, GA USA",poseybu01,R,R
Jurickson Profar,Jurickson Barthelomeus,184,28,"Willemstad,  Curacao",profaju01,R,B
Albert Pujols,Jose Alberto,235,41,"Santo Domingo, Distrito Nacional D.R.",pujolal01,R,R
Jose Quijada,Jose Gregorio,215,26,"Caripito, Monagas Venezuela",quijajo01,L,L
Cal Raleigh,Caleb John,215,25,"Cullowhee, NC USA",raleica01,R,B
Jose Ramirez,Jose Enrique,190,29,"Bani, Peravia D.R.",ramirjo01,R,B
Noe Ramirez,Noe,205,32,"Los Angeles, CA USA",ramirno01,R,R
Yohan Ramirez,Yohan Manuel,190,26,"Villa Mella, Santo Domingo D.R.",ramiryo01,R,R
AJ Ramos,Alejandro,200,35,"Lubbock, TX USA",ramosaj01,R,R
Henry Ramos,Henry,215,29,"Maunabo,  P.R.",ramoshe01,R,B
J. T. Realmuto,Jacob Tyler,212,30,"Del City, OK USA",realmjt01,R,R
Hunter Renfroe,Dustin Hunter,230,29,"Crystal Springs, MS USA",renfrhu01,R,R
Luis Rengifo,Luis Jose,195,24,"Naguanagua, Carabobo Venezuela",rengilu01,R,B
Alex Reyes,Alexander,220,27,"Elizabeth, NJ USA",reyesal02,R,R
Franmil Reyes,Franmil Federico,265,26,"Sabana Grande de Palenque, San Cristobal D.R.",reyesfr01,R,R
Bryan Reynolds,Bryan Patrick,210,26,"Baltimore, MD USA",reynobr01,R,B
Garrett Richards,Garrett Thomas,210,33,"Riverside, CA USA",richaga01,R,R
Austin Riley,Michael Austin,240,24,"Memphis, TN USA",rileyau01,R,R
Webster Rivas,Webster Julian,219,31,"Nagua, Maria Trinidad Sanchez D.R.",rivaswe01,R,R
Sebastian Rivero,Sebastian,210,23,"Maracay, Aragua Venezuela",riverse01,R,R
Anthony Rizzo,Anthony Vincent,240,32,"Parkland, FL USA",rizzoan01,L,L
David Robertson,David Alan,195,36,"Birmingham, AL USA",roberda08,R,R
Luis Robert,Luis,220,24,"Ciego de Avila,  Cuba",roberlu01,R,R
Brendan Rodgers,Brendan Austin,204,25,"Winter Park, FL USA",rodgebr02,R,R
Eduardo Rodriguez,Eduardo Jose,231,28,"Valencia, Carabobo Venezuela",rodried05,L,L
Josh Rojas,Joshua Luke,207,27,"Litchfield Park, AZ USA",rojasjo01,R,L
Jose Rojas,Jose,200,28,"Anaheim, CA USA",rojasjo02,R,L
Jhon Romero,Jhon Jairo,195,26,"Cartagena, Bolivar Colombia",romerjh01,R,R
Sergio Romo,Sergio Francisco,185,38,"Brawley, CA USA",romose01,R,R
Jose Rondon,Jose Gregorio,215,27,"Villa de Cura, Aragua Venezuela",rondojo02,R,R
Brent Rooker,Terry Brent,225,27,"Germantown, TN USA",rookebr01,R,R
Amed Rosario,German Amed,190,26,"Santo Domingo Centro, Distrito Nacional D.R.",rosaram01,R,R
Eddie Rosario,Eddie Manuel,180,30,"Guayama,  P.R.",rosared01,R,L
Keibert Ruiz,Keibert Jose,225,23,"Valencia, Carabobo Venezuela",ruizke01,R,B
Hyun Jin Ryu,Hyun Jin,255,34,"Incheon, Incheon South Korea",ryuhy01,L,R
Casey Sadler,Casey Scott,205,31,"Stillwater, OK USA",sadleca02,R,R
Chris Sale,Christopher,183,32,"Lakeland, FL USA",salech01,L,L
Gary Sanchez,Gary,230,29,"Santo Domingo, Distrito Nacional D.R.",sanchga02,R,R
Reiver Sanmartin,Reiver Jose,160,25,"Cartagena, Bolivar Colombia",sanmare01,L,L
Miguel Sano,Miguel Angel,272,28,"San Pedro de Macoris, San Pedro de Macoris D.R.",sanomi01,R,R
Carlos Santana,Carlos,215,35,"Santo Domingo, Distrito Nacional D.R.",santaca01,R,B
Dennis Santana,Dennis Anfernee,190,25,"San Pedro de Macoris, San Pedro de Macoris D.R.",santade01,R,R
Hirokazu Sawamura,Hirokazu,212,33,"Tochigi, Tochigi Japan",sawamhi01,R,R
